470522173392957440	43629631	Sun May 25 11:10:02 +0000 2014			web	0		NYC	RT @lizgartley: #YesAllWomen http://t.co/RplfMxM86b	Laura Anne Gilman	LAGilman
470544831194742784	48331778	Sun May 25 12:40:04 +0000 2014			<a href="http://twitter.com/download/iphone" rel="nofollow">Twitter for iPhone</a>	0		Sudbury, Ontario, Canada	RT @lizgartley: #YesAllWomen http://t.co/RplfMxM86b	Andy W Taylor	SooGuy68
470546542609170432	1396110848	Sun May 25 12:46:52 +0000 2014			<a href="http://www.tweetcaster.com" rel="nofollow">TweetCaster for Android</a>	0		Kansas City, MO	RT @lizgartley: #YesAllWomen http://t.co/RplfMxM86b	Thom Persley	thompersley
470548027380600832	2262179187	Sun May 25 12:52:46 +0000 2014			<a href="http://twitter.com/download/iphone" rel="nofollow">Twitter for iPhone</a>	0			RT @lizgartley: #YesAllWomen http://t.co/RplfMxM86b	Jenny Grove	hateislove98
470550132606652416	318541497	Sun May 25 13:01:08 +0000 2014			<a href="http://twitter.com/download/iphone" rel="nofollow">Twitter for iPhone</a>	0		Florida 	RT @lizgartley: #YesAllWomen http://t.co/RplfMxM86b	Katie Shapiro	KatieShapiro1
470551244436566017	2173241	Sun May 25 13:05:33 +0000 2014			<a href="http://twitter.com/download/iphone" rel="nofollow">Twitter for iPhone</a>	0		Austin, Texas	RT @lizgartley: #YesAllWomen http://t.co/RplfMxM86b	Manuel Gonzales	hrniles
470553094091456512	375294652	Sun May 25 13:12:54 +0000 2014			web	0		Internet/Austria	RT @lizgartley: #YesAllWomen http://t.co/RplfMxM86b	Bob V. F. Montoya	BobVFMontoya
470553232435974144	17977757	Sun May 25 13:13:27 +0000 2014			<a href="http://twitter.com/download/iphone" rel="nofollow">Twitter for iPhone</a>	0		s a n   d i e g o	RT @lizgartley: #YesAllWomen http://t.co/RplfMxM86b	ｉｉｉｉ	barfchan
470553375113609216	500531960	Sun May 25 13:14:01 +0000 2014			<a href="http://www.twitter.com" rel="nofollow">Twitter for BlackBerry</a>	0		Middle East & Asia mostly	"@lizgartley: #YesAllWomen http://t.co/4h6qJbn89x" Also: Iraqi body count 110,000+ (conservative). Afghan military &amp; police tally 13,000+	Ɖ㉫ⓣ ⓞⓕ к̣̣̥₳ᴿ₳τ̍̍̍e	Shiratori888
470554549451649028	371325872	Sun May 25 13:18:41 +0000 2014			<a href="http://twitter.com/download/iphone" rel="nofollow">Twitter for iPhone</a>	0			RT @lizgartley: #YesAllWomen http://t.co/RplfMxM86b	Tori Seabrooke	ToriSeabrooke
470555535213727746	2423851217	Sun May 25 13:22:36 +0000 2014			<a href="http://twitter.com/#!/download/ipad" rel="nofollow">Twitter for iPad</a>	0			RT @lizgartley: #YesAllWomen http://t.co/RplfMxM86b	周学迅	zhou1zhou1
470555971082002433	55318479	Sun May 25 13:24:20 +0000 2014			<a href="http://twitter.com/download/iphone" rel="nofollow">Twitter for iPhone</a>	0		WI, USA	RT @lizgartley: #YesAllWomen http://t.co/RplfMxM86b	Lori M. Lee	LoriMLee
470556671782432768	20099673	Sun May 25 13:27:07 +0000 2014			<a href="http://www.myplume.com/" rel="nofollow">Plume for Android</a>	0		Birmingham, UK	RT @lizgartley: #YesAllWomen http://t.co/RplfMxM86b	Jon Knight	syntheticbrain
470557376429707265	284637282	Sun May 25 13:29:55 +0000 2014			<a href="http://twitter.com/download/iphone" rel="nofollow">Twitter for iPhone</a>	0			RT @lizgartley: #YesAllWomen http://t.co/RplfMxM86b	Emma Parker	paarkerpenn
470558110235787264	16570580	Sun May 25 13:32:50 +0000 2014			web	0		American in P̶a̶r̶i̶s̶ London	RT @lizgartley: #YesAllWomen http://t.co/RplfMxM86b	Mrs W	bracing
470558353664770048	25819283	Sun May 25 13:33:48 +0000 2014			<a href="http://twitter.com/download/iphone" rel="nofollow">Twitter for iPhone</a>	0			RT @EileenBresnahan: RT @lizgartley  #YesAllWomen http://t.co/B7BcSF5C4n	Pretty Jones	laurisfloris
470559503013117953	1494026042	Sun May 25 13:38:22 +0000 2014			web	0		Hampshire	RT @lizgartley: #YesAllWomen http://t.co/RplfMxM86b	Lane Swift	LaneSwift
470560534534705152	2463482995	Sun May 25 13:42:28 +0000 2014			web	0		The Hood	RT @lizgartley: #YesAllWomen http://t.co/RplfMxM86b	Thug Na$ty	PimpDaddyMcSwag
470561952335691777	17289723	Sun May 25 13:48:06 +0000 2014			<a href="http://twitter.com/#!/download/ipad" rel="nofollow">Twitter for iPad</a>	0		Lyon, France	RT @lizgartley: #YesAllWomen http://t.co/RplfMxM86b	Steve Lee	essell2
470562308956372994	472399690	Sun May 25 13:49:31 +0000 2014			<a href="http://twitter.com/download/iphone" rel="nofollow">Twitter for iPhone</a>	0		ATL	RT @lizgartley: #YesAllWomen http://t.co/RplfMxM86b	Catherine Addison	caaddison24
470562485171265538	36283180	Sun May 25 13:50:13 +0000 2014			<a href="http://twitter.com/download/iphone" rel="nofollow">Twitter for iPhone</a>	0		SEA	RT @lizgartley: #YesAllWomen http://t.co/RplfMxM86b	Kat Reinhart	katreinhart
470563319565516800	634769637	Sun May 25 13:53:32 +0000 2014			<a href="http://twitter.com/download/iphone" rel="nofollow">Twitter for iPhone</a>	0			RT @lizgartley: #YesAllWomen http://t.co/RplfMxM86b	Tif's Fic	writetherestfic
470563667881103362	153764387	Sun May 25 13:54:55 +0000 2014			web	0		Boston, MA	RT @lizgartley: #YesAllWomen http://t.co/RplfMxM86b	Kim Dawson	kdawson424
470565093961252864	427749490	Sun May 25 14:00:35 +0000 2014	470520341039939585	1472441198	<a href="http://twitter.com/download/iphone" rel="nofollow">Twitter for iPhone</a>	0	[46.38450575,-120.31450937]		“@lizgartley: #YesAllWomen http://t.co/JWIbtPIibk” this is freaking insane!!!	Mareike	MyGiftToYou1982
470569577756508160	307231761	Sun May 25 14:18:24 +0000 2014			<a href="http://twitter.com/download/iphone" rel="nofollow">Twitter for iPhone</a>	0			RT @lizgartley: #YesAllWomen http://t.co/RplfMxM86b	Anjelina.	_yosoyangie
470572031101399040	15924131	Sun May 25 14:28:09 +0000 2014			<a href="http://twitter.com/download/iphone" rel="nofollow">Twitter for iPhone</a>	0		Birmingham, Ala.	RT @lizgartley: #YesAllWomen http://t.co/RplfMxM86b	Shane Ivey	shaneivey
470572530156441600	136600755	Sun May 25 14:30:08 +0000 2014			<a href="http://twitter.com/download/iphone" rel="nofollow">Twitter for iPhone</a>	0		west michigan born & raised	RT @lizgartley: #YesAllWomen http://t.co/RplfMxM86b	deanna	dnnmry
470572777993289729	299418023	Sun May 25 14:31:07 +0000 2014			<a href="http://twitter.com/download/iphone" rel="nofollow">Twitter for iPhone</a>	0		NYC	RT @lizgartley: #YesAllWomen http://t.co/RplfMxM86b	They Call Me 4-Eyes	GoldingGirl617
470573637591117824	443814061	Sun May 25 14:34:32 +0000 2014			<a href="http://twitter.com/download/iphone" rel="nofollow">Twitter for iPhone</a>	0			RT @lizgartley: #YesAllWomen http://t.co/RplfMxM86b	Danny Doyle	doyle_danny
470574136717107201	56562770	Sun May 25 14:36:31 +0000 2014			<a href="http://twitter.com/#!/download/ipad" rel="nofollow">Twitter for iPad</a>	0		Plainfield, IL	RT @lizgartley: #YesAllWomen http://t.co/RplfMxM86b	Keith Renderman	gyrosplater
470575319603494912	371045405	Sun May 25 14:41:13 +0000 2014			<a href="http://twitter.com/download/iphone" rel="nofollow">Twitter for iPhone</a>	0			RT @lizgartley: #YesAllWomen http://t.co/RplfMxM86b	Taylor	paradeoursouls
470575940524081154	311738651	Sun May 25 14:43:41 +0000 2014			<a href="http://twitter.com/download/iphone" rel="nofollow">Twitter for iPhone</a>	0			RT @lizgartley: #YesAllWomen http://t.co/RplfMxM86b	♛ Queen Claire ♛	Claireekm
470577253340815361	266647719	Sun May 25 14:48:54 +0000 2014			<a href="http://twitter.com/download/iphone" rel="nofollow">Twitter for iPhone</a>	0		New Zealand West Coast	RT @lizgartley: #YesAllWomen http://t.co/RplfMxM86b	Fred Dagg	fredagg
470577433511723008	357238352	Sun May 25 14:49:37 +0000 2014			<a href="https://mobile.twitter.com" rel="nofollow">Mobile Web (M5)</a>	0		Indianapolis, IN	RT @lizgartley: #YesAllWomen http://t.co/RplfMxM86b	Angela Roesler	AngelaRoesler
470577454294528000	1357132502	Sun May 25 14:49:42 +0000 2014			<a href="http://twitter.com/download/iphone" rel="nofollow">Twitter for iPhone</a>	0		NYC	RT @birdiebent: What war on women? “@lizgartley: #YesAllWomen http://t.co/tOZiAXkD6a”	5r@nc43ly	__Go_Away
470577999654297602	29600755	Sun May 25 14:51:52 +0000 2014			<a href="http://twitter.com/#!/download/ipad" rel="nofollow">Twitter for iPad</a>	0		San Francisco, CA	RT @lizgartley: #YesAllWomen http://t.co/RplfMxM86b	Alice Rathjen	dnatimes
470578058614034433	313517102	Sun May 25 14:52:06 +0000 2014			<a href="http://twitter.com/download/iphone" rel="nofollow">Twitter for iPhone</a>	0		Bedford/Milton Keynes	RT @lizgartley: #YesAllWomen http://t.co/RplfMxM86b	Claire Griffiths	littleshoehorn
470580084173467648	1038549397	Sun May 25 15:00:09 +0000 2014			<a href="http://twitter.com/download/iphone" rel="nofollow">Twitter for iPhone</a>	0		Pan's Labrynth, Missouri	RT @lizgartley: #YesAllWomen http://t.co/RplfMxM86b	CheeriosTheCat  	divadaisy2015
470580302289850368	1337626129	Sun May 25 15:01:01 +0000 2014			<a href="http://twitter.com/download/iphone" rel="nofollow">Twitter for iPhone</a>	0		New York	RT @birdiebent: What war on women? “@lizgartley: #YesAllWomen http://t.co/tOZiAXkD6a”	Jaylynn	jaytanjevii
470580507952947200	61989530	Sun May 25 15:01:50 +0000 2014			<a href="http://twitter.com/download/iphone" rel="nofollow">Twitter for iPhone</a>	0		shatterdome	RT @lizgartley: #YesAllWomen http://t.co/RplfMxM86b	fast lame	SAMWlLSON
470580726069350401	22282628	Sun May 25 15:02:42 +0000 2014			web	0		New York, NY	RT @lizgartley: #YesAllWomen http://t.co/RplfMxM86b	Lex Curry	ohlexcurry
470582508783149056	341907159	Sun May 25 15:09:47 +0000 2014			<a href="http://twitter.com/download/android" rel="nofollow">Twitter for Android</a>	0			RT @lizgartley: #YesAllWomen http://t.co/RplfMxM86b	Katie	Sadiekapleton
470582609136070657	785091114	Sun May 25 15:10:11 +0000 2014			web	0		canada	RT @lizgartley: #YesAllWomen http://t.co/RplfMxM86b	mela from Paramore	captainsyork
470583414622806016	310530476	Sun May 25 15:13:23 +0000 2014			<a href="http://twitter.com/#!/download/ipad" rel="nofollow">Twitter for iPad</a>	0		it's a mystery	RT @lizgartley: #YesAllWomen http://t.co/RplfMxM86b	Feisty	Fffeisty
470583682957602816	43111596	Sun May 25 15:14:27 +0000 2014			web	0			RT @lizgartley: #YesAllWomen http://t.co/RplfMxM86b	Kasey- PhDs&Pigtails	PhDsandPigtails
470583691396513792	289338380	Sun May 25 15:14:29 +0000 2014			<a href="http://twitter.com/download/android" rel="nofollow">Twitter for Android</a>	0		Pseudonymless City, USA	RT @lizgartley: #YesAllWomen http://t.co/RplfMxM86b	Psyc Girl	PsycGrrrl
470583766822682624	475844912	Sun May 25 15:14:47 +0000 2014			<a href="http://twitter.com/download/android" rel="nofollow">Twitter for Android</a>	0		Edinburgh/Manchester 	RT @lizgartley: #YesAllWomen http://t.co/RplfMxM86b	Hannah	bad_diabetic
470584173682757632	2539535405	Sun May 25 15:16:24 +0000 2014			<a href="http://twitter.com/download/iphone" rel="nofollow">Twitter for iPhone</a>	0			RT @lizgartley: #YesAllWomen http://t.co/RplfMxM86b	Inge Visscher	visschei
470585625070936064	22293408	Sun May 25 15:22:10 +0000 2014			<a href="http://twitter.com/download/android" rel="nofollow">Twitter for Android</a>	0		Los Angeles	RT @lizgartley: #YesAllWomen http://t.co/RplfMxM86b	Michele	SiMichele
470585834849058816	125373764	Sun May 25 15:23:00 +0000 2014			web	0		New Jersey	RT @lizgartley: #YesAllWomen http://t.co/RplfMxM86b	Nurse Mareta	NurseMareta
470585864167628800	1107695198	Sun May 25 15:23:07 +0000 2014			<a href="http://twitter.com/download/iphone" rel="nofollow">Twitter for iPhone</a>	0		detroit	RT @lizgartley: #YesAllWomen http://t.co/RplfMxM86b	g money $$	g_dematteo
470586958888968192	35416970	Sun May 25 15:27:28 +0000 2014			<a href="http://itunes.apple.com/us/app/twitter/id409789998?mt=12" rel="nofollow">Twitter for Mac</a>	0		Thailand	RT @lizgartley: #YesAllWomen http://t.co/RplfMxM86b	Hima	himatako
470587667785449472	46482296	Sun May 25 15:30:17 +0000 2014			<a href="http://twitter.com/download/iphone" rel="nofollow">Twitter for iPhone</a>	0		sam // pa // art 	RT @lizgartley: #YesAllWomen http://t.co/RplfMxM86b	sd	mcrte
470588019737907200	163247004	Sun May 25 15:31:41 +0000 2014			web	0		Michigan	RT @lizgartley: #YesAllWomen http://t.co/RplfMxM86b	Alison	act2vist
470588984662298624	170315949	Sun May 25 15:35:31 +0000 2014			web	0		Denver	RT @lizgartley: #YesAllWomen http://t.co/RplfMxM86b	Reuben Espinosa	reubenesp
470589169236836352	19280840	Sun May 25 15:36:15 +0000 2014			web	0		Tokyo, Japan	RT @lizgartley: #YesAllWomen http://t.co/RplfMxM86b	Haruka T.	takhsiru
470589353761058817	174653218	Sun May 25 15:36:59 +0000 2014			<a href="http://twitter.com/download/iphone" rel="nofollow">Twitter for iPhone</a>	0			RT @lizgartley: #YesAllWomen http://t.co/RplfMxM86b	Mara Santos	MsMaraSantos
470589462699728897	519025408	Sun May 25 15:37:25 +0000 2014			<a href="http://twitter.com/download/iphone" rel="nofollow">Twitter for iPhone</a>	0		Fort Worth Texas 	RT @lizgartley: #YesAllWomen http://t.co/RplfMxM86b	Rebecca L.Cunningham	Becca_MO_TX
470589509063966720	42073223	Sun May 25 15:37:36 +0000 2014			<a href="http://twitter.com/download/android" rel="nofollow">Twitter for Android</a>	0			RT @hotdogaqua: "@lizgartley: #YesAllWomen http://t.co/F0nx7WJVOl" this isn't even statistically fair.	Emily Albright	EmilyAnne227
470589672331026432	12268862	Sun May 25 15:38:15 +0000 2014			<a href="http://twitterrific.com" rel="nofollow">Twitterrific</a>	0			RT @lizgartley: #YesAllWomen http://t.co/RplfMxM86b	V C	veeeeceeee
470589718409646080	235751012	Sun May 25 15:38:26 +0000 2014			web	0			RT @lizgartley: #YesAllWomen http://t.co/RplfMxM86b	Wayne Askew	askewedd
470589802489053184	95303561	Sun May 25 15:38:46 +0000 2014			<a href="http://twitter.com/download/iphone" rel="nofollow">Twitter for iPhone</a>	0		UK Baby!!	RT @lizgartley: #YesAllWomen http://t.co/RplfMxM86b	ShezAr MAC	ShezArOnly
470590301728698368	172981085	Sun May 25 15:40:45 +0000 2014			<a href="http://twitter.com/download/iphone" rel="nofollow">Twitter for iPhone</a>	0			RT @lizgartley: #YesAllWomen http://t.co/RplfMxM86b		harryfistmyass
470590335358623744	198868091	Sun May 25 15:40:53 +0000 2014			<a href="http://twitter.com/download/iphone" rel="nofollow">Twitter for iPhone</a>	0		125 & 126 days ✨	RT @lizgartley: #YesAllWomen http://t.co/RplfMxM86b		beccaliterally
470590695703871489	20661876	Sun May 25 15:42:19 +0000 2014			web	0			RT @lizgartley: #YesAllWomen http://t.co/RplfMxM86b	Jackie A.	colorlessblue
470592260417933313	215939448	Sun May 25 15:48:32 +0000 2014			web	0		Mumbai	RT @aneeshchopra: Powerful data. Thx @bfeld for shining light on #YesAllWomen RT @lizgartley: #YesAllWomen http://t.co/VLFMDrbH4c	Johnson Chetty	JQuip
470592310552854529	212631056	Sun May 25 15:48:44 +0000 2014			<a href="http://twitter.com/download/iphone" rel="nofollow">Twitter for iPhone</a>	0		Montreal, Canada	RT @lizgartley: #YesAllWomen http://t.co/RplfMxM86b	Jo	jojiebou22
470592642175488000	1631033148	Sun May 25 15:50:03 +0000 2014			<a href="http://blackberry.com/twitter" rel="nofollow">Twitter for BlackBerry®</a>	0			RT @lizgartley: #YesAllWomen http://t.co/RplfMxM86b	sharon igbokwe	sharonigbokwe
470593355127463936	583394244	Sun May 25 15:52:53 +0000 2014			<a href="http://twitter.com/download/iphone" rel="nofollow">Twitter for iPhone</a>	0			RT @lizgartley: #YesAllWomen http://t.co/RplfMxM86b	Samantha White	that__Whitegirl
470594516718981122	355637802	Sun May 25 15:57:30 +0000 2014			<a href="http://twitter.com/download/iphone" rel="nofollow">Twitter for iPhone</a>	0			RT @lizgartley: #YesAllWomen http://t.co/RplfMxM86b	olivia	alittleliv
470594516718981122	355637802	Sun May 25 15:57:30 +0000 2014			<a href="http://twitter.com/download/iphone" rel="nofollow">Twitter for iPhone</a>	0			RT @lizgartley: #YesAllWomen http://t.co/RplfMxM86b	olivia	alittleliv
470595632629968896	928946923	Sun May 25 16:01:56 +0000 2014			<a href="http://twitter.com/download/iphone" rel="nofollow">Twitter for iPhone</a>	0			RT @lizgartley: #YesAllWomen http://t.co/RplfMxM86b		sheandhims
470595980690489344	2464628527	Sun May 25 16:03:19 +0000 2014			web	0			RT @lizgartley: #YesAllWomen http://t.co/RplfMxM86b	rose red	emmafrosted
470596006015287296	629109827	Sun May 25 16:03:25 +0000 2014			<a href="http://www.twitter.com" rel="nofollow">Twitter for Windows Phone</a>	0		RVA	RT @lizgartley: #YesAllWomen http://t.co/RplfMxM86b	Bree Natalie Hall	itsBreBre_Bitch
470596089708822528	2302449176	Sun May 25 16:03:45 +0000 2014			<a href="http://twitter.com/download/iphone" rel="nofollow">Twitter for iPhone</a>	0		I'm somewhere	RT @lizgartley: #YesAllWomen http://t.co/RplfMxM86b	Mariam Dahi	dahi_mariam
470597742264606720	466803398	Sun May 25 16:10:19 +0000 2014			<a href="http://twitter.com/download/android" rel="nofollow">Twitter for Android</a>	0		Umkomaas, South Africa	RT @lizgartley: #YesAllWomen http://t.co/RplfMxM86b	Rena Howlett	docphredrena
470597830479208448	38058791	Sun May 25 16:10:40 +0000 2014			<a href="http://twitter.com/download/iphone" rel="nofollow">Twitter for iPhone</a>	0		Buffalo, NY	RT @lizgartley: #YesAllWomen http://t.co/RplfMxM86b	Brittany Winchester	ask_brittany
470597960406147073	161873699	Sun May 25 16:11:11 +0000 2014			<a href="http://twitter.com/download/iphone" rel="nofollow">Twitter for iPhone</a>	0		East Midlands, UK	RT @lizgartley: #YesAllWomen http://t.co/RplfMxM86b	Charley Elizabeth	charleywx_
470598174327840768	437642501	Sun May 25 16:12:02 +0000 2014			<a href="http://twitter.com/download/iphone" rel="nofollow">Twitter for iPhone</a>	0			RT @lizgartley: #YesAllWomen http://t.co/RplfMxM86b	Allison Karch	AllisonKarch
470598371439161344	246956185	Sun May 25 16:12:49 +0000 2014			<a href="http://twitter.com/download/iphone" rel="nofollow">Twitter for iPhone</a>	0		Badlands, Alberta	RT @samnickmike: Very sad...RT @lizgartley #YesAllWomen http://t.co/9ANvaLaZnO	Melissa K.	THEquadskater
470598673575845888	166866572	Sun May 25 16:14:01 +0000 2014			web	0		gso, nc	RT @lizgartley: #YesAllWomen http://t.co/RplfMxM86b	kris	imyselfamhell
470598694270930944	261054606	Sun May 25 16:14:06 +0000 2014			<a href="http://twitter.com/download/android" rel="nofollow">Twitter for Android</a>	0		igotglass.tumblr.com	RT @lizgartley: #YesAllWomen http://t.co/RplfMxM86b	Aurora Hernandez	Aurora_Hernandz
470598849724428288	524876860	Sun May 25 16:14:43 +0000 2014			<a href="http://twitter.com/download/iphone" rel="nofollow">Twitter for iPhone</a>	0		Houston 	RT @lizgartley: #YesAllWomen http://t.co/RplfMxM86b	Alyssa Freeman	alyssafreeeman
470598866492854272	1561864638	Sun May 25 16:14:47 +0000 2014			<a href="http://twitter.com/download/android" rel="nofollow">Twitter for Android</a>	0		//LA//	RT @lizgartley: #YesAllWomen http://t.co/RplfMxM86b	Stephanie ❁ 	stephpurrdomo
470598971225026560	2198211	Sun May 25 16:15:12 +0000 2014			<a href="http://tapbots.com/tweetbot" rel="nofollow">Tweetbot for iOS</a>	0		iPhone: 38.898590,-76.985611	RT @lizgartley: #YesAllWomen http://t.co/RplfMxM86b	Christopher Kent	Cekent
470600783239868416	328543408	Sun May 25 16:22:24 +0000 2014			web	0		MA/CT	RT @lizgartley: #YesAllWomen http://t.co/RplfMxM86b	Rachel Daley	racheldaley7
470601206822604800	586810324	Sun May 25 16:24:05 +0000 2014			<a href="http://twitter.com/download/android" rel="nofollow">Twitter for Android</a>	0		Realm of Oblivion. (SLC) 	"@lizgartley: #YesAllWomen http://t.co/VDAWefTpFu" this is fucking ignorant as shit to compare that to soldiers. Fuck your stupid hash tag.	Mehrunes X Dagon	xLANDONIUSx
470601261222350848	1695479905	Sun May 25 16:24:18 +0000 2014			<a href="http://twitter.com/download/android" rel="nofollow">Twitter for Android</a>	0			RT @lizgartley: #YesAllWomen http://t.co/RplfMxM86b	Kristi 	NerdiGamerGirl
470602398034325504	64899489	Sun May 25 16:28:49 +0000 2014			<a href="http://twitter.com/download/iphone" rel="nofollow">Twitter for iPhone</a>	0		The City of Angels	RT @lizgartley: #YesAllWomen http://t.co/RplfMxM86b	Jocelyn	JocelynHerrera
470602414840877057	1902185310	Sun May 25 16:28:53 +0000 2014			<a href="http://twitter.com/download/iphone" rel="nofollow">Twitter for iPhone</a>	0			RT @lizgartley: #YesAllWomen http://t.co/RplfMxM86b	The Lady	ever_thelady
470602779644682242	14692760	Sun May 25 16:30:20 +0000 2014			web	0		Coppell, TX	RT @lizgartley: #YesAllWomen http://t.co/RplfMxM86b	gia manry	giapet
470602938973294593	2186697372	Sun May 25 16:30:58 +0000 2014			web	0		0/5 • 0/4 • c&l/6	RT @lizgartley: #YesAllWomen http://t.co/RplfMxM86b	idiot named hannah	trustfallharry
470603169639460864	1220706318	Sun May 25 16:31:53 +0000 2014			<a href="http://twitter.com/download/android" rel="nofollow">Twitter for Android</a>	0		Maintaining air superiority 	RT @Grtseeker: Horrifying  RT "@apokalyptikk: "@lizgartley: #YesAllWomen http://t.co/h3GhYL23sQ" #p2 #fem2”	Doc Apoc	apokalyptikk
470603408907698176	212445039	Sun May 25 16:32:50 +0000 2014			<a href="http://twitter.com/download/iphone" rel="nofollow">Twitter for iPhone</a>	0		dMv // 15	RT @lizgartley: #YesAllWomen http://t.co/RplfMxM86b	Queen B.	brandaynicolee
470603576700456960	117965095	Sun May 25 16:33:30 +0000 2014			web	0		San Diego, CA	RT @lizgartley: #YesAllWomen http://t.co/RplfMxM86b	Benjamin Katz	MeanestBossEver
470605338350469121	14963487	Sun May 25 16:40:30 +0000 2014			<a href="http://tapbots.com/tweetbot" rel="nofollow">Tweetbot for iOS</a>	0		Indiana	RT @lizgartley: #YesAllWomen http://t.co/RplfMxM86b	Cameron Banga	CameronBanga
470605577358688256	40507875	Sun May 25 16:41:27 +0000 2014			<a href="http://twitter.com/download/iphone" rel="nofollow">Twitter for iPhone</a>	0		Greece	RT @lizgartley: #YesAllWomen http://t.co/RplfMxM86b	Maria	MariaTaver
470606953102577664	1064722806	Sun May 25 16:46:55 +0000 2014			<a href="http://twitter.com/download/iphone" rel="nofollow">Twitter for iPhone</a>	0			RT @lizgartley: #YesAllWomen http://t.co/RplfMxM86b	Renee Nixon	reneenxn
470607397661454336	111411884	Sun May 25 16:48:41 +0000 2014			web	0			RT @lizgartley: #YesAllWomen http://t.co/RplfMxM86b	 Tristiaña	tweetsbytris
470607569673666560	524578816	Sun May 25 16:49:22 +0000 2014			<a href="http://twitter.com/download/android" rel="nofollow">Twitter for Android</a>	0		Emmett, Michigan	RT @lizgartley: #YesAllWomen http://t.co/RplfMxM86b	Rachel Scott	RachelScottLove
470607972196827136	221155283	Sun May 25 16:50:58 +0000 2014			<a href="http://www.twitter.com" rel="nofollow">Twitter for Windows Phone</a>	0		In the land of sunny days	RT @lizgartley: #YesAllWomen http://t.co/RplfMxM86b	Shawna Schaefer	Schaefer11235
470608630698766337	2409639811	Sun May 25 16:53:35 +0000 2014			<a href="http://twitter.com/download/iphone" rel="nofollow">Twitter for iPhone</a>	0			RT @lizgartley: #YesAllWomen http://t.co/RplfMxM86b	RGCooper	Robirdie23
470609234896621568	1606283353	Sun May 25 16:55:59 +0000 2014			web	0		Philly/New York	RT @lizgartley: #YesAllWomen http://t.co/RplfMxM86b	BARBARISM 	ArtBarbs
470609998251163649	30127567	Sun May 25 16:59:01 +0000 2014			<a href="https://twitter.com/download/android" rel="nofollow">Twitter for Android Tablets</a>	0		MN	RT @lizgartley: #YesAllWomen http://t.co/RplfMxM86b	Sam Dwyer	eatyerbroccoli
470610299947855872	358929813	Sun May 25 17:00:13 +0000 2014			<a href="http://twitter.com/download/iphone" rel="nofollow">Twitter for iPhone</a>	0			RT @lizgartley: #YesAllWomen http://t.co/RplfMxM86b	cb	carabrdg
470610333569384448	617539384	Sun May 25 17:00:21 +0000 2014			<a href="http://twitter.com/download/android" rel="nofollow">Twitter for Android</a>	0		↓Check It Out. →	RT @lizgartley: #YesAllWomen http://t.co/RplfMxM86b	affanculo mondo.	bvbbree
470610992154828800	131231132	Sun May 25 17:02:58 +0000 2014			<a href="http://twitter.com/download/android" rel="nofollow">Twitter for Android</a>	0		ÜT: 19.4144792,-99.2550985	RT @lizgartley: #YesAllWomen http://t.co/RplfMxM86b	Carmen Castañeda	carmen_casfa
470611025687891968	16405657	Sun May 25 17:03:06 +0000 2014			web	0			RT @lizgartley: #YesAllWomen http://t.co/RplfMxM86b	R. Hotspur	Hotspurrrr
470611482846445568	59202115	Sun May 25 17:04:55 +0000 2014			web	0		Norwich	RT @lizgartley: #YesAllWomen http://t.co/RplfMxM86b	❤kira❤	shimmeringsun_
470611508045819904	911062436	Sun May 25 17:05:01 +0000 2014			web	0		Prague	RT @lizgartley: #YesAllWomen http://t.co/RplfMxM86b	Vegan Prague	Vegan_Prague
470611633853591552	185369508	Sun May 25 17:05:31 +0000 2014			<a href="http://www.myplume.com/" rel="nofollow">Plume for Android</a>	0		Lordran	RT @lizgartley: #YesAllWomen http://t.co/RplfMxM86b	Ransom	RAN50M
470613362087182336	21923833	Sun May 25 17:12:23 +0000 2014			<a href="http://twitter.com/download/android" rel="nofollow">Twitter for Android</a>	0		In a country they call free	RT @lizgartley: #YesAllWomen http://t.co/RplfMxM86b	TheAcidTwit	TKSitis
470613517058707456	27121235	Sun May 25 17:13:00 +0000 2014			web	0		Borders / Glasgow	RT @lizgartley: #YesAllWomen http://t.co/RplfMxM86b	rachel	xorchl
470613571668172800	118809238	Sun May 25 17:13:13 +0000 2014			<a href="http://twitter.com/download/iphone" rel="nofollow">Twitter for iPhone</a>	0			RT @lizgartley: #YesAllWomen http://t.co/RplfMxM86b	lulu	soyghoul
470614020266160128	1216927544	Sun May 25 17:15:00 +0000 2014			<a href="http://www.twitter.com" rel="nofollow">Twitter for Windows Phone</a>	0			RT @lizgartley: #YesAllWomen http://t.co/RplfMxM86b	Savannah Pellett	SavvyPellett
470615064639451136	1484341	Sun May 25 17:19:09 +0000 2014			<a href="http://twitter.com/download/android" rel="nofollow">Twitter for Android</a>	0		A Seattle near you!	RT @apokalyptikk: "@lizgartley: #YesAllWomen http://t.co/lWfFYWdavC" #p2 #fem2	Amy	netcrusher88
470615534502174720	983331458	Sun May 25 17:21:01 +0000 2014			<a href="http://twitter.com/download/android" rel="nofollow">Twitter for Android</a>	0			RT @lizgartley: #YesAllWomen http://t.co/RplfMxM86b	April MacDonald	aprilmacd0nald
470615983145504768	17135399	Sun May 25 17:22:48 +0000 2014			<a href="http://twitter.com/download/iphone" rel="nofollow">Twitter for iPhone</a>	0		Mister Roger's Neighborhood	RT @lizgartley: #YesAllWomen http://t.co/RplfMxM86b	Max Dillon	CodaGialla
470617652768276480	52823531	Sun May 25 17:29:26 +0000 2014			web	0		Hamburg	RT @lizgartley: #YesAllWomen http://t.co/RplfMxM86b	NOT Cintia	cintrica
470618361614057472	1199151709	Sun May 25 17:32:15 +0000 2014			<a href="http://twitter.com/download/android" rel="nofollow">Twitter for Android</a>	0			RT @lizgartley: #YesAllWomen http://t.co/RplfMxM86b	emily southard	DreamwhirleD
470619007431622657	35204972	Sun May 25 17:34:49 +0000 2014			<a href="http://tweetlogix.com" rel="nofollow">Tweetlogix</a>	0		Southfield ♥ WMU	RT @lizgartley: #YesAllWomen http://t.co/RplfMxM86b	Adwoa Anderson	AdwoAA_
470619032639799296	335266701	Sun May 25 17:34:55 +0000 2014			web	0			RT @lizgartley: #YesAllWomen http://t.co/RplfMxM86b	Ardilla	marinaRdu
470619301007745024	1135362566	Sun May 25 17:35:59 +0000 2014			<a href="http://twitter.com/download/iphone" rel="nofollow">Twitter for iPhone</a>	0			RT @apokalyptikk: "@lizgartley: #YesAllWomen http://t.co/lWfFYWdavC" #p2 #fem2	William Mitchell	W3m6m0Mitchell
470619875602206720	124644349	Sun May 25 17:38:16 +0000 2014			web	0		Richland, Mississippi	RT @lizgartley: #YesAllWomen http://t.co/RplfMxM86b	Justin Stewart	SouthWrites
470620483738931200	590636343	Sun May 25 17:40:41 +0000 2014			<a href="http://twitter.com/download/iphone" rel="nofollow">Twitter for iPhone</a>	0		aurora co	RT @lizgartley: #YesAllWomen http://t.co/RplfMxM86b		spiffy_tho_
470620676689502208	1705236619	Sun May 25 17:41:27 +0000 2014			<a href="http://twitter.com/download/iphone" rel="nofollow">Twitter for iPhone</a>	0		London	RT @lizgartley: #YesAllWomen http://t.co/RplfMxM86b	Nur	GomuGirl
470620781790371841	1027824252	Sun May 25 17:41:52 +0000 2014			<a href="http://twitter.com/download/iphone" rel="nofollow">Twitter for iPhone</a>	0		ann arbor, michigan	RT @lizgartley: #YesAllWomen http://t.co/RplfMxM86b	feminist ali	alishahin21
470620928351952896	497168864	Sun May 25 17:42:27 +0000 2014			<a href="http://twitter.com/download/iphone" rel="nofollow">Twitter for iPhone</a>	0			RT @lizgartley: #YesAllWomen http://t.co/RplfMxM86b	hannah	_hannahchloe
470621087923859457	85493894	Sun May 25 17:43:05 +0000 2014			<a href="http://twitter.com/download/iphone" rel="nofollow">Twitter for iPhone</a>	0		Northern VA	RT @lizgartley: #YesAllWomen http://t.co/RplfMxM86b	Denise Sughrue	dasughrue
470621259651223553	1450724610	Sun May 25 17:43:46 +0000 2014			web	0		Somewhere cluttered	RT @lizgartley: #YesAllWomen http://t.co/RplfMxM86b	Jimmy's Claudia	lesighfrancesca
470621981176365057	1408572378	Sun May 25 17:46:38 +0000 2014			<a href="http://twitter.com/download/android" rel="nofollow">Twitter for Android</a>	0		Salt Lake City, Utah	RT @lizgartley: #YesAllWomen http://t.co/RplfMxM86b	Rebecca	becca_205
470622186764795905	557427365	Sun May 25 17:47:27 +0000 2014	470520341039939585	1472441198	<a href="http://twitter.com/#!/download/ipad" rel="nofollow">Twitter for iPad</a>	0			RT “@lizgartley: #YesAllWomen http://t.co/Hr7PQc2Wyz” word? #fb	Jarred White	The_Real_Jarred
470622325101326336	15917855	Sun May 25 17:48:00 +0000 2014			<a href="http://twitter.com/download/iphone" rel="nofollow">Twitter for iPhone</a>	0		NYC x NC x CMR	RT @lizgartley: #YesAllWomen http://t.co/RplfMxM86b	MademoisELLE.Kii ♥	Esmeraldaa
470622526507585536	410366949	Sun May 25 17:48:48 +0000 2014			<a href="http://twitter.com/download/iphone" rel="nofollow">Twitter for iPhone</a>	0			RT @lizgartley: #YesAllWomen http://t.co/RplfMxM86b	KrinOlinne	krinolinne
470623029836677120	494763113	Sun May 25 17:50:48 +0000 2014			web	0		 CT	RT @Grtseeker: Horrifying  RT "@apokalyptikk: "@lizgartley: #YesAllWomen http://t.co/h3GhYL23sQ" #p2 #fem2”	tom von ct	tom_news2
470623344434229248	709792399	Sun May 25 17:52:03 +0000 2014			web	0		Nashville (or Orlando)	RT @lizgartley: #YesAllWomen http://t.co/RplfMxM86b	Bethany Winz	bethanywinz
470624179096530944	517282443	Sun May 25 17:55:22 +0000 2014			web	0		monrovia, ca	RT @lizgartley: #YesAllWomen http://t.co/RplfMxM86b	double L	laurenleibowitz
470625235788922880	392835086	Sun May 25 17:59:34 +0000 2014			<a href="http://twitter.com/download/android" rel="nofollow">Twitter for Android</a>	0			RT @lizgartley: #YesAllWomen http://t.co/RplfMxM86b	rowynne	ItsRowynne
470626217402445824	271487544	Sun May 25 18:03:28 +0000 2014			<a href="http://twitter.com/download/android" rel="nofollow">Twitter for Android</a>	0		Santa Cruz	RT @lizgartley: #YesAllWomen http://t.co/RplfMxM86b	Larissa Shapiro	larissashapiro
470627983167082497	1498598413	Sun May 25 18:10:29 +0000 2014			web	0		Dorne	RT @lizgartley: #YesAllWomen http://t.co/RplfMxM86b	Carmen	ofbonesandashes
470629535076343808	332961356	Sun May 25 18:16:39 +0000 2014			<a href="http://twitter.com/download/iphone" rel="nofollow">Twitter for iPhone</a>	0			RT @lizgartley: #YesAllWomen http://t.co/RplfMxM86b	Katie Hillebrand	katherineorkate
470630046630432768	40973854	Sun May 25 18:18:41 +0000 2014			<a href="http://twitter.com/download/iphone" rel="nofollow">Twitter for iPhone</a>	0		Dallas, Texas, U.S.A.	RT @lizgartley: #YesAllWomen http://t.co/RplfMxM86b	Alysia Tubbs	amtubbs8
470630147666624512	1180937994	Sun May 25 18:19:05 +0000 2014			<a href="http://twitter.com/download/iphone" rel="nofollow">Twitter for iPhone</a>	0			RT @lizgartley: #YesAllWomen http://t.co/RplfMxM86b	Samantha Ng	samanthahopeng
470632454261202944	1078878344	Sun May 25 18:28:15 +0000 2014			<a href="http://twitter.com/download/android" rel="nofollow">Twitter for Android</a>	0		justin 3/12 2/6 3/5 ariana 	RT @lizgartley: #YesAllWomen http://t.co/RplfMxM86b	lily	infamousbiebers
470632462801178628	1283751018	Sun May 25 18:28:17 +0000 2014			web	0		Chicago, IL	RT @lizgartley: #YesAllWomen http://t.co/RplfMxM86b	Laura N. Blanpied	NewGirl312
470632932584202240	598844658	Sun May 25 18:30:09 +0000 2014			<a href="http://twitter.com/download/android" rel="nofollow">Twitter for Android</a>	0			RT @lizgartley: #YesAllWomen http://t.co/RplfMxM86b	issa	issaBunneh
470633268019490816	338475150	Sun May 25 18:31:29 +0000 2014			<a href="http://twitter.com/download/iphone" rel="nofollow">Twitter for iPhone</a>	0		Texas	RT @lizgartley: #YesAllWomen http://t.co/RplfMxM86b	Madison Duran	madisonduran
470634828312743937	361700986	Sun May 25 18:37:41 +0000 2014			<a href="http://twitter.com/download/iphone" rel="nofollow">Twitter for iPhone</a>	0		ily sandra	RT @lizgartley: #YesAllWomen http://t.co/RplfMxM86b	  patyoncé 	_anthonydiamond
470635121863688192	2279645454	Sun May 25 18:38:51 +0000 2014			web	0		Austin, Texas	RT @lizgartley: #YesAllWomen http://t.co/RplfMxM86b	Dana Hegar	Danabananahead
470635189123973121	234512344	Sun May 25 18:39:07 +0000 2014			web	0		✰ ✯ ☾ 	RT @lizgartley: #YesAllWomen http://t.co/RplfMxM86b	♡ erin ♡	sailor_sweetiee
470635419730599937	2219574727	Sun May 25 18:40:02 +0000 2014			web	0		Sydney 	RT @lizgartley: #YesAllWomen http://t.co/RplfMxM86b	Kimpo	Sydney2050
470635835180994560	1556949056	Sun May 25 18:41:41 +0000 2014			<a href="http://twitter.com/download/iphone" rel="nofollow">Twitter for iPhone</a>	0		CAT	RT @lizgartley: #YesAllWomen http://t.co/RplfMxM86b	jac	jacmalfa
470636267190112257	422923840	Sun May 25 18:43:24 +0000 2014			<a href="http://twitter.com/download/iphone" rel="nofollow">Twitter for iPhone</a>	0		221B Baker Street	RT @lizgartley: #YesAllWomen http://t.co/RplfMxM86b	The Lucker Stomp	anothersunset_
470636879465816064	25156224	Sun May 25 18:45:50 +0000 2014			<a href="http://twitter.com/download/android" rel="nofollow">Twitter for Android</a>	0		New York, NY	RT @lizgartley: #YesAllWomen http://t.co/RplfMxM86b	Brad Seiler	bradseiler
470636904505831426	39874480	Sun May 25 18:45:56 +0000 2014			<a href="http://twitter.com/download/android" rel="nofollow">Twitter for Android</a>	0		San Antonio, Tx	RT @lizgartley: #YesAllWomen http://t.co/RplfMxM86b	Caitlin Avila	C_Avila26
470637118591885312	218989257	Sun May 25 18:46:47 +0000 2014			<a href="http://twitter.com/download/iphone" rel="nofollow">Twitter for iPhone</a>	0		Kennington, London	RT @lizgartley: #YesAllWomen http://t.co/RplfMxM86b	RebeccaAtkinson-Lord	BexAtkinsonLord
470637500159901696	515596823	Sun May 25 18:48:18 +0000 2014			<a href="http://tapbots.com/tweetbot" rel="nofollow">Tweetbot for iOS</a>	0			RT @lizgartley: #YesAllWomen http://t.co/RplfMxM86b	Jen Young Rice	JenYoungRice
470638129334874112	2475548724	Sun May 25 18:50:48 +0000 2014			<a href="http://twitter.com/#!/download/ipad" rel="nofollow">Twitter for iPad</a>	0			RT @lizgartley: #YesAllWomen http://t.co/RplfMxM86b	Wee-yum.	gravityspimp
470638812939681792	111516787	Sun May 25 18:53:31 +0000 2014			<a href="http://twitter.com/download/iphone" rel="nofollow">Twitter for iPhone</a>	0			RT @lizgartley: #YesAllWomen http://t.co/RplfMxM86b	Julie Abernathy	j_swagernathy
470639278683590656	961487048	Sun May 25 18:55:22 +0000 2014			<a href="http://twitter.com/download/iphone" rel="nofollow">Twitter for iPhone</a>	0		losing it	RT @lizgartley: #YesAllWomen http://t.co/RplfMxM86b	nk	staytechamps
470639588974018560	533863468	Sun May 25 18:56:36 +0000 2014			<a href="http://twitter.com/download/iphone" rel="nofollow">Twitter for iPhone</a>	0		south texas. ☀️	RT @GabrielaDow: #YesAllWomen tag insightful to process #IslaVistaShooting as mom of 2 boys aunt of 9 nephews 5 nieces  “@lizgartley: http:…	Amanda ∞	amandaaalynnnnn
470639714895015936	21062853	Sun May 25 18:57:06 +0000 2014			<a href="http://twitter.com/download/iphone" rel="nofollow">Twitter for iPhone</a>	0		LUSH	RT @lizgartley: #YesAllWomen http://t.co/RplfMxM86b	HannahJo	HnnhSlvs
470641555834171394	332955821	Sun May 25 19:04:25 +0000 2014			<a href="http://twitter.com/download/iphone" rel="nofollow">Twitter for iPhone</a>	0		in a honky tonk down in mexico	RT @lizgartley: #YesAllWomen http://t.co/RplfMxM86b	Emma Mason	emmakmason
470646492848734209	228176071	Sun May 25 19:24:02 +0000 2014			<a href="https://about.twitter.com/products/tweetdeck" rel="nofollow">TweetDeck</a>	0		London or Pieve Santo Stefano	RT @lizgartley: #YesAllWomen http://t.co/RplfMxM86b	Luca Alessandra	AlarmBell
470650099798773760	814992349	Sun May 25 19:38:22 +0000 2014			<a href="http://twitter.com/download/iphone" rel="nofollow">Twitter for iPhone</a>	0		Sydney, Australia	RT @lizgartley: #YesAllWomen http://t.co/RplfMxM86b	Lisa Bryant	LisaJBryant
470651735678410752	315870772	Sun May 25 19:44:52 +0000 2014			<a href="http://twitter.com/download/iphone" rel="nofollow">Twitter for iPhone</a>	0		mordor, middle earth	RT @lizgartley: #YesAllWomen http://t.co/RplfMxM86b	Mary Bighouse	mary_bighouse
470654029727797249	167206891	Sun May 25 19:53:59 +0000 2014			<a href="http://twitter.com/download/iphone" rel="nofollow">Twitter for iPhone</a>	0		Michigan 	RT @lizgartley: #YesAllWomen http://t.co/RplfMxM86b	katie	katiebrainard00
470657179595603968	28707979	Sun May 25 20:06:30 +0000 2014			<a href="http://twitter.com/download/android" rel="nofollow">Twitter for Android</a>	0		New Orleans, LA	RT @lizgartley: #YesAllWomen http://t.co/RplfMxM86b	Seana ✌	onlydifference_
470660912819732480	225642677	Sun May 25 20:21:20 +0000 2014			web	0		▲	RT @lizgartley: #YesAllWomen http://t.co/RplfMxM86b	R A ☾H E L	rachelhnng
470661101474955264	287912563	Sun May 25 20:22:05 +0000 2014			web	0		California	RT @lizgartley: #YesAllWomen http://t.co/RplfMxM86b	Anum Ahmed	anumahmed711
470661839475331072	929308213	Sun May 25 20:25:01 +0000 2014			<a href="http://twitter.com/download/iphone" rel="nofollow">Twitter for iPhone</a>	0		Brisbane	RT @lizgartley: #YesAllWomen http://t.co/RplfMxM86b	Nicholas	nicRDe
470661906764947456	1035350924	Sun May 25 20:25:17 +0000 2014			<a href="http://twitter.com/download/iphone" rel="nofollow">Twitter for iPhone</a>	0			RT @lizgartley: #YesAllWomen http://t.co/RplfMxM86b	Jen	jenni_gracee
470663571995889664	15154217	Sun May 25 20:31:54 +0000 2014	470520341039939585	1472441198	<a href="http://twitter.com/#!/download/ipad" rel="nofollow">Twitter for iPad</a>	0		Kirkland, WA	Wow. “@lizgartley: #YesAllWomen http://t.co/p4yiraq2KX”	David Ellis	DavidEllis
470664293189697536	521067108	Sun May 25 20:34:46 +0000 2014			<a href="http://twitter.com/download/iphone" rel="nofollow">Twitter for iPhone</a>	0		Wherever Whenever	RT @DavidEllis: Wow. “@lizgartley: #YesAllWomen http://t.co/p4yiraq2KX”	Em.	EmzeeMA
470664645783474177	324758703	Sun May 25 20:36:10 +0000 2014			<a href="http://twitter.com/download/iphone" rel="nofollow">Twitter for iPhone</a>	0		Edmond, OK  Lawrence, KS	RT @lizgartley: #YesAllWomen http://t.co/RplfMxM86b	Evan Traylor	EvanTraylor
470665396245106688	1141602253	Sun May 25 20:39:09 +0000 2014			<a href="http://twitter.com/download/iphone" rel="nofollow">Twitter for iPhone</a>	0		Houston TX	RT @DavidEllis: Wow. “@lizgartley: #YesAllWomen http://t.co/p4yiraq2KX”	Charles J.  Simmons	CharlesJSimmon1
470667326002839552	1198655990	Sun May 25 20:46:49 +0000 2014			<a href="http://twitter.com/#!/download/ipad" rel="nofollow">Twitter for iPad</a>	0		england	RT @amaditalks: Domestic/Intimate Partner Violence in the US ---&gt; RT @DavidEllis: Wow. “@lizgartley: #YesAllWomen http://t.co/1xBlMghI2n”	Jade	ShadowsAndRunes
470667908968755200	23243117	Sun May 25 20:49:08 +0000 2014			web	0		Los Angeles, CA	RT @amaditalks: Domestic/Intimate Partner Violence in the US ---&gt; RT @DavidEllis: Wow. “@lizgartley: #YesAllWomen http://t.co/1xBlMghI2n”	Chloe Back	ChloeB123
470668919787646977	14918223	Sun May 25 20:53:09 +0000 2014			web	0		Seattle	RT @amaditalks: Domestic/Intimate Partner Violence in the US ---&gt; RT @DavidEllis: Wow. “@lizgartley: #YesAllWomen http://t.co/1xBlMghI2n”	Lillinox	lillinox
470669305458094081	1514696066	Sun May 25 20:54:41 +0000 2014			<a href="http://twitter.com/download/iphone" rel="nofollow">Twitter for iPhone</a>	0			RT @amaditalks: Domestic/Intimate Partner Violence in the US ---&gt; RT @DavidEllis: Wow. “@lizgartley: #YesAllWomen http://t.co/1xBlMghI2n”	Anisa Saechao	_aniiisa
470670878448295937	624343790	Sun May 25 21:00:56 +0000 2014			<a href="http://twitter.com/download/android" rel="nofollow">Twitter for Android</a>	0		Dublin, Ireland.	RT @DavidEllis: Wow. “@lizgartley: #YesAllWomen http://t.co/p4yiraq2KX”	Lee Cullen	Feck_You_Buddy
470671922808627201	2474422327	Sun May 25 21:05:05 +0000 2014			<a href="http://twitter.com/download/iphone" rel="nofollow">Twitter for iPhone</a>	0		Metro New York	RT @lizgartley: #YesAllWomen http://t.co/RplfMxM86b	All PurposePan	AllPurposePan
470675672583909377	19131873	Sun May 25 21:19:59 +0000 2014			<a href="http://tapbots.com/tweetbot" rel="nofollow">Tweetbot for iOS</a>	0		Cambridge, UK	RT @DavidEllis: Wow. “@lizgartley: #YesAllWomen http://t.co/p4yiraq2KX”	Matt Dodd	MJDodd
470677916523560960	759470791	Sun May 25 21:28:54 +0000 2014			<a href="http://twitter.com/download/android" rel="nofollow">Twitter for Android</a>	0			RT @amaditalks: Domestic/Intimate Partner Violence in the US ---&gt; RT @DavidEllis: Wow. “@lizgartley: #YesAllWomen http://t.co/1xBlMghI2n”	Robyn Widmer	redrobyn98
470681208968736768	45248859	Sun May 25 21:41:59 +0000 2014			web	0			RT @amaditalks: Domestic/Intimate Partner Violence in the US ---&gt; RT @DavidEllis: Wow. “@lizgartley: #YesAllWomen http://t.co/1xBlMghI2n”	Anne Ehlers	AnneCME
470681846452195328	15370542	Sun May 25 21:44:31 +0000 2014			<a href="http://itunes.apple.com/us/app/twitter/id409789998?mt=12" rel="nofollow">Twitter for Mac</a>	0		Omaha, NE & The Interwebs	RT @lizgartley: #YesAllWomen http://t.co/RplfMxM86b	Robert Murphy	RamHatter
470682597467910144	444662974	Sun May 25 21:47:30 +0000 2014			<a href="http://twitter.com/#!/download/ipad" rel="nofollow">Twitter for iPad</a>	0		giornalista	RT @amaditalks: Domestic/Intimate Partner Violence in the US ---&gt; RT @DavidEllis: Wow. “@lizgartley: #YesAllWomen http://t.co/1xBlMghI2n”	michela mantovan	MantovanMichela
470682999747391488	23425673	Sun May 25 21:49:06 +0000 2014			web	0		Sydney, Australia	RT @lizgartley: #YesAllWomen http://t.co/RplfMxM86b	Karen Haywood	karenh1
470683427612553216	1266759404	Sun May 25 21:50:48 +0000 2014			<a href="http://twitter.com/download/iphone" rel="nofollow">Twitter for iPhone</a>	0			RT @amaditalks: Domestic/Intimate Partner Violence in the US ---&gt; RT @DavidEllis: Wow. “@lizgartley: #YesAllWomen http://t.co/1xBlMghI2n”	marshmallow	caitym11
470687512948924416	955542481	Sun May 25 22:07:02 +0000 2014			<a href="http://twitter.com/download/android" rel="nofollow">Twitter for Android</a>	0			RT @lizgartley: #YesAllWomen http://t.co/RplfMxM86b	Roxycontin	viktoriavaughn
470693242229784576	1534391558	Sun May 25 22:29:48 +0000 2014			<a href="http://twitter.com/#!/download/ipad" rel="nofollow">Twitter for iPad</a>	0		Bristol, Virginia 	RT @aneeshchopra: Powerful data. Thx @bfeld for shining light on #YesAllWomen RT @lizgartley: #YesAllWomen http://t.co/VLFMDrbH4c	pamela l. smith	_mrspamsmith
470695557778788352	509177299	Sun May 25 22:39:00 +0000 2014			<a href="http://twitter.com/download/iphone" rel="nofollow">Twitter for iPhone</a>	0			RT @amaditalks: Domestic/Intimate Partner Violence in the US ---&gt; RT @DavidEllis: Wow. “@lizgartley: #YesAllWomen http://t.co/1xBlMghI2n”	Lindsey Johnson	frabjouslinz
470695733805715457	129256078	Sun May 25 22:39:42 +0000 2014			<a href="http://tweetspie.com/" rel="nofollow">TweetsPie</a>	0		Helmond, NL	RT @lizgartley: #YesAllWomen http://t.co/RplfMxM86b	Bon Vivant Ben	IndefiniteBen
470699902859620352	1069787959	Sun May 25 22:56:16 +0000 2014			<a href="http://twitter.com/download/iphone" rel="nofollow">Twitter for iPhone</a>	0			RT @TheLoneWoman: “@lizgartley: #YesAllWomen http://t.co/ytJpmeFqVj”  ALL MY BOYS, LOOK AT THIS GRAPH. WE NEED TO CHANGE THIS.	Kaitlyn Gaffney	kaitigaffney
470700540481921024	705018037	Sun May 25 22:58:48 +0000 2014			<a href="http://twitter.com/download/android" rel="nofollow">Twitter for Android</a>	0			RT @lizgartley: #YesAllWomen http://t.co/RplfMxM86b	Megan 	megannn430
470707247195369472	20944649	Sun May 25 23:25:27 +0000 2014			<a href="http://twitter.com/#!/download/ipad" rel="nofollow">Twitter for iPad</a>	0		missouri, usa	RT @lizgartley: #YesAllWomen http://t.co/RplfMxM86b	Bob Kostic	causticbob
470707591278907392	1730311812	Sun May 25 23:26:49 +0000 2014			<a href="http://twitter.com/download/android" rel="nofollow">Twitter for Android</a>	0		CANADA 	RT @lizgartley: #YesAllWomen http://t.co/RplfMxM86b	SolidGoldCamelToe	JezebelsHeaven
470708153340788737	29073978	Sun May 25 23:29:03 +0000 2014	470520341039939585	1472441198	<a href="http://itunes.apple.com/us/app/twitter/id409789998?mt=12" rel="nofollow">Twitter for Mac</a>	0			I wonder how many were killed with a firearm? #thanksnra “@lizgartley: #YesAllWomen http://t.co/ZA0BYcrgVH”	Kaffefiend	kaffefiend
470711026078736384	120867493	Sun May 25 23:40:28 +0000 2014			<a href="http://www.flipboard.com" rel="nofollow">Flipboard</a>	0			RT @lizgartley: #YesAllWomen http://t.co/RplfMxM86b	Chris McGee	seeteegee
470717913406910465	2363198238	Mon May 26 00:07:50 +0000 2014			web	0		ohio	RT @lizgartley: #YesAllWomen http://t.co/RplfMxM86b	pink/yellow 4 life	henshin_chan
470724959912726528	65740178	Mon May 26 00:35:50 +0000 2014			web	0		New Jersey, USA	RT @lizgartley: #YesAllWomen http://t.co/RplfMxM86b	Rebecca Gonter	LovaticEmblem
470750377110163457	1245393560	Mon May 26 02:16:50 +0000 2014			<a href="http://twitter.com/download/iphone" rel="nofollow">Twitter for iPhone</a>	0		Arizona	RT @lizgartley: #YesAllWomen http://t.co/RplfMxM86b	Tatiana Facer	tatiana_face22
470755502486339584	255268516	Mon May 26 02:37:12 +0000 2014			web	0			RT @lizgartley: #YesAllWomen http://t.co/RplfMxM86b	Noxis	NOSNIXSTER
470756345785114624	225656759	Mon May 26 02:40:33 +0000 2014			<a href="http://twitter.com/#!/download/ipad" rel="nofollow">Twitter for iPad</a>	0			RT @amaditalks: Domestic/Intimate Partner Violence in the US ---&gt; RT @DavidEllis: Wow. “@lizgartley: #YesAllWomen http://t.co/1xBlMghI2n”	raine petrie	rainepetrie
470761001366085632	265673796	Mon May 26 02:59:03 +0000 2014			<a href="http://twitter.com/download/iphone" rel="nofollow">Twitter for iPhone</a>	0		Irvine, CA	RT @lizgartley: #YesAllWomen http://t.co/RplfMxM86b	Alexander Chang	0x60
470765740836921344	17291463	Mon May 26 03:17:53 +0000 2014			<a href="http://twitter.com/download/android" rel="nofollow">Twitter for Android</a>	0		CouchSurfing CA/USA	RT @lizgartley: #YesAllWomen http://t.co/RplfMxM86b	ChiarablueMD	Medcastaway
470770832659460097	2318148157	Mon May 26 03:38:07 +0000 2014			<a href="http://twitter.com/download/iphone" rel="nofollow">Twitter for iPhone</a>	0		Phoenix, AZ	RT @lizgartley: #YesAllWomen http://t.co/RplfMxM86b	Ashley Capps	CappsAsh
470778890277777408	11442522	Mon May 26 04:10:08 +0000 2014			<a href="http://tapbots.com/tweetbot" rel="nofollow">Tweetbot for iOS</a>	0		freezing MA, USA	RT @lizgartley: #YesAllWomen http://t.co/RplfMxM86b	gustavo fontana	gustojunk
470779997561835522	34308175	Mon May 26 04:14:32 +0000 2014			<a href="http://twitter.com/download/iphone" rel="nofollow">Twitter for iPhone</a>	0		New York, New York	RT @lizgartley: #YesAllWomen http://t.co/RplfMxM86b	Mauricio Norona	mencldu
470781649890709504	5485582	Mon May 26 04:21:06 +0000 2014			<a href="http://tapbots.com/tweetbot" rel="nofollow">Tweetbot for iOS</a>	0		Calgary, AB	RT @lizgartley: #YesAllWomen http://t.co/RplfMxM86b	Joaquin Windmuller	joaquin_win
470782585300590593	13624042	Mon May 26 04:24:49 +0000 2014			<a href="http://tapbots.com/tweetbot" rel="nofollow">Tweetbot for iOS</a>	0		Columbus, OH	RT @lizgartley: #YesAllWomen http://t.co/RplfMxM86b	Steven Barnhart	stevebarnhart
470782908098035712	1716055542	Mon May 26 04:26:06 +0000 2014			web	0		San Francisco, California	RT @lizgartley: #YesAllWomen http://t.co/RplfMxM86b	Mikaela Withers	thatmikaela
470784305049128961	23639153	Mon May 26 04:31:39 +0000 2014			<a href="http://twitter.com/download/iphone" rel="nofollow">Twitter for iPhone</a>	0		D.C. Metro Area	RT @blogdiva: NOT.  SHOCKED.  AT ALL... and that's why this graph should outrage us all... RT @lizgartley: #YesAllWomen http://t.co/7JCKQzp…	Allison	allisonisginger
470784372157976576	492744148	Mon May 26 04:31:55 +0000 2014			<a href="http://twitter.com/download/iphone" rel="nofollow">Twitter for iPhone</a>	0			RT @blogdiva: NOT.  SHOCKED.  AT ALL... and that's why this graph should outrage us all... RT @lizgartley: #YesAllWomen http://t.co/7JCKQzp…	stove	stovetopss
470784372241489921	56616220	Mon May 26 04:31:55 +0000 2014			<a href="http://twitter.com/download/iphone" rel="nofollow">Twitter for iPhone</a>	0		Los Angeles	RT @blogdiva: NOT.  SHOCKED.  AT ALL... and that's why this graph should outrage us all... RT @lizgartley: #YesAllWomen http://t.co/7JCKQzp…	Gaia	fianxu
470785206790533120	597724704	Mon May 26 04:35:14 +0000 2014			web	0		Australia 	RT @blogdiva: NOT.  SHOCKED.  AT ALL... and that's why this graph should outrage us all... RT @lizgartley: #YesAllWomen http://t.co/7JCKQzp…	emma ϟ	sassstrek
470785244354711552	27796852	Mon May 26 04:35:23 +0000 2014			<a href="http://twitter.com/#!/download/ipad" rel="nofollow">Twitter for iPad</a>	0		Damascus	RT @blogdiva: NOT.  SHOCKED.  AT ALL... and that's why this graph should outrage us all... RT @lizgartley: #YesAllWomen http://t.co/7JCKQzp…	Dame Caty Did	garethivoryfoun
470786662285332480	279353634	Mon May 26 04:41:01 +0000 2014			<a href="http://twitter.com/#!/download/ipad" rel="nofollow">Twitter for iPad</a>	0		Canada eh!	RT @blogdiva: NOT.  SHOCKED.  AT ALL... and that's why this graph should outrage us all... RT @lizgartley: #YesAllWomen http://t.co/7JCKQzp…	99MamaBear	99MamaBear
470787173831041024	246083066	Mon May 26 04:43:03 +0000 2014			<a href="http://twitter.com/#!/download/ipad" rel="nofollow">Twitter for iPad</a>	0		Los Angeles, CA	RT @blogdiva: NOT.  SHOCKED.  AT ALL... and that's why this graph should outrage us all... RT @lizgartley: #YesAllWomen http://t.co/7JCKQzp…	Jennifer	thechernoble
470787379238694912	391811875	Mon May 26 04:43:52 +0000 2014			<a href="http://twitterrific.com" rel="nofollow">Twitterrific</a>	0			RT @lizgartley: #YesAllWomen http://t.co/RplfMxM86b	Costel Ionita	costelionita
470789245675003904	12803032	Mon May 26 04:51:17 +0000 2014			<a href="http://tapbots.com/tweetbot" rel="nofollow">Tweetbot for iOS</a>	0		Chicago, IL	RT @lizgartley: #YesAllWomen http://t.co/RplfMxM86b	Alexandra Cox	AlexCox
470789291992707072	8642882	Mon May 26 04:51:28 +0000 2014			<a href="http://twitter.com/download/iphone" rel="nofollow">Twitter for iPhone</a>	0		British Columbia, Canada	RT @blogdiva: NOT.  SHOCKED.  AT ALL... and that's why this graph should outrage us all... RT @lizgartley: #YesAllWomen http://t.co/7JCKQzp…	Sanlin	Sanlin
470790571288956928	424325497	Mon May 26 04:56:33 +0000 2014			<a href="http://twitter.com/download/iphone" rel="nofollow">Twitter for iPhone</a>	0		UNCW-Wilmington, NC	RT @blogdiva: NOT.  SHOCKED.  AT ALL... and that's why this graph should outrage us all... RT @lizgartley: #YesAllWomen http://t.co/7JCKQzp…	LGBTQIA Office	LGBTOffice
470791129051693056	15076539	Mon May 26 04:58:46 +0000 2014			<a href="http://tapbots.com/tweetbot" rel="nofollow">Tweetbot for iOS</a>	0		New England 	RT @lizgartley: #YesAllWomen http://t.co/RplfMxM86b	Matthew Vincenty	soma09
470791242217844736	67126698	Mon May 26 04:59:13 +0000 2014			web	0		The City of Holy Faith	RT @blogdiva: NOT.  SHOCKED.  AT ALL... and that's why this graph should outrage us all... RT @lizgartley: #YesAllWomen http://t.co/7JCKQzp…	Jessica Eva 	jem520
470792785654595585	1390992698	Mon May 26 05:05:21 +0000 2014			<a href="http://twitter.com/download/iphone" rel="nofollow">Twitter for iPhone</a>	0			RT @lizgartley: #YesAllWomen http://t.co/RplfMxM86b	Margarita 	MargaritaPayan
470797630260658176	277613279	Mon May 26 05:24:36 +0000 2014			<a href="http://tapbots.com/tweetbot" rel="nofollow">Tweetbot for iOS</a>	0		North of where I came from	RT @lizgartley: #YesAllWomen http://t.co/RplfMxM86b	Vaughan Lovegrove	vonkarama
470798863293767680	14234177	Mon May 26 05:29:30 +0000 2014			<a href="http://twitter.com/download/android" rel="nofollow">Twitter for Android</a>	0		Bern, Switzerland	RT @lizgartley: #YesAllWomen http://t.co/RplfMxM86b	Dominique Jost	domjost
470802248348352512	173164805	Mon May 26 05:42:57 +0000 2014			<a href="http://twitter.com/download/android" rel="nofollow">Twitter for Android</a>	0		Missouri	RT @lizgartley: #YesAllWomen http://t.co/RplfMxM86b	Ethan Ben Goforth	GoforthAsAPun
470807239498792961	6095	Mon May 26 06:02:47 +0000 2014			<a href="http://twitter.com/#!/download/ipad" rel="nofollow">Twitter for iPad</a>	0		Los Angeles	RT @lizgartley: #YesAllWomen http://t.co/RplfMxM86b	Brian Sacca	briansacca
470807256259641344	5745632	Mon May 26 06:02:51 +0000 2014			<a href="http://twitter.com/download/android" rel="nofollow">Twitter for Android</a>	0		West Lothian, Scotland	RT @oakinger: RT @lizgartley: #YesAllWomen http://t.co/otahLLrsKe	Colin Angus Mackay	ColinMackay
470807310684536832	1146548192	Mon May 26 06:03:04 +0000 2014			<a href="http://twitter.com/download/iphone" rel="nofollow">Twitter for iPhone</a>	0		Oakland Bay Area, USA	RT @blogdiva: NOT.  SHOCKED.  AT ALL... and that's why this graph should outrage us all... RT @lizgartley: #YesAllWomen http://t.co/7JCKQzp…	Aya de Leon	AyadeLeon
470807822469308417	1326871	Mon May 26 06:05:06 +0000 2014			<a href="http://tapbots.com/tweetbot" rel="nofollow">Tweetbot for iOS</a>	0		lost angeles	RT @lizgartley: #YesAllWomen http://t.co/RplfMxM86b	Austin Wallender	voidstin
470807998701387776	335050126	Mon May 26 06:05:48 +0000 2014			<a href="http://twitter.com/download/iphone" rel="nofollow">Twitter for iPhone</a>	0		CSULB '18	RT @lizgartley: #YesAllWomen http://t.co/RplfMxM86b	Hales	haleymartz
470809395358879745	515577621	Mon May 26 06:11:21 +0000 2014			web	0		Indiana	RT @blogdiva: NOT.  SHOCKED.  AT ALL... and that's why this graph should outrage us all... RT @lizgartley: #YesAllWomen http://t.co/7JCKQzp…	Company Store	RATM4
470809743297372160	743941448	Mon May 26 06:12:44 +0000 2014			<a href="http://twitter.com/download/iphone" rel="nofollow">Twitter for iPhone</a>	0			RT @lizgartley: #YesAllWomen http://t.co/RplfMxM86b	Alejandra	alejandraaa095
470811710643642368	401104479	Mon May 26 06:20:33 +0000 2014			<a href="http://twitter.com/download/iphone" rel="nofollow">Twitter for iPhone</a>	0		winona forever 	RT @lizgartley: #YesAllWomen http://t.co/RplfMxM86b	jamie ☹	bbbbyjaay
470811840465747969	43809258	Mon May 26 06:21:04 +0000 2014			<a href="http://twitter.com/download/iphone" rel="nofollow">Twitter for iPhone</a>	0		Texas	RT @blogdiva: NOT.  SHOCKED.  AT ALL... and that's why this graph should outrage us all... RT @lizgartley: #YesAllWomen http://t.co/7JCKQzp…	Andrea Calleros	itsandreeah
470813589528268801	2393105804	Mon May 26 06:28:01 +0000 2014			web	0			RT @lizgartley: #YesAllWomen http://t.co/RplfMxM86b	Steve Stern 	StephenRStern
470813757439246336	378207402	Mon May 26 06:28:41 +0000 2014			<a href="http://twitter.com/download/iphone" rel="nofollow">Twitter for iPhone</a>	0		#Grown&SexyLamb #R&BZydecoLamb	RT @lizgartley: #YesAllWomen http://t.co/RplfMxM86b	Cajun Creole Cutie	caramel_creole
470815410099462144	123601143	Mon May 26 06:35:15 +0000 2014			<a href="http://twitter.com/download/android" rel="nofollow">Twitter for Android</a>	0		Los Angeles	RT @blogdiva: NOT.  SHOCKED.  AT ALL... and that's why this graph should outrage us all... RT @lizgartley: #YesAllWomen http://t.co/7JCKQzp…	S. J. Martin, Ph.D.	MediaAnthro
470816223635460096	316477416	Mon May 26 06:38:29 +0000 2014			<a href="http://twitter.com/download/iphone" rel="nofollow">Twitter for iPhone</a>	0		hell paso	RT @blogdiva: NOT.  SHOCKED.  AT ALL... and that's why this graph should outrage us all... RT @lizgartley: #YesAllWomen http://t.co/7JCKQzp…	doris®	ladowis
470822720574197760	20842531	Mon May 26 07:04:18 +0000 2014			<a href="http://twitter.com/download/iphone" rel="nofollow">Twitter for iPhone</a>	0		South Dublin, Ireland	RT @blogdiva: NOT.  SHOCKED.  AT ALL... and that's why this graph should outrage us all... RT @lizgartley: #YesAllWomen http://t.co/7JCKQzp…	Diarmaid O Connor	diarmy
470826449214402560	135745459	Mon May 26 07:19:07 +0000 2014			<a href="http://twitter.com/download/iphone" rel="nofollow">Twitter for iPhone</a>	0		Madison, WI	RT @blogdiva: NOT.  SHOCKED.  AT ALL... and that's why this graph should outrage us all... RT @lizgartley: #YesAllWomen http://t.co/7JCKQzp…	Glen	girlglen
470833013467906049	40736816	Mon May 26 07:45:12 +0000 2014			<a href="http://twitter.com/download/android" rel="nofollow">Twitter for Android</a>	0		Scotland	RT @blogdiva: NOT.  SHOCKED.  AT ALL... and that's why this graph should outrage us all... RT @lizgartley: #YesAllWomen http://t.co/7JCKQzp…	Joanna McKenzie	Jobob_80
470835588506333184	450174291	Mon May 26 07:55:26 +0000 2014			<a href="http://www.metrotwit.com/" rel="nofollow">MetroTwit</a>	0		Dresden!	RT @lizgartley: #YesAllWomen http://t.co/RplfMxM86b	Black Key	Semilocon
470837014938812416	20696435	Mon May 26 08:01:06 +0000 2014			<a href="http://twitter.com/download/android" rel="nofollow">Twitter for Android</a>	0			RT @lizgartley: #YesAllWomen http://t.co/RplfMxM86b	angie	ineptsuperhero
470839917170282498	199662114	Mon May 26 08:12:38 +0000 2014			web	0			RT @lizgartley: #YesAllWomen http://t.co/RplfMxM86b	Rebecca V. Yu	ijusthadBex
470840143687856129	15566830	Mon May 26 08:13:32 +0000 2014			<a href="http://tapbots.com/tweetbot" rel="nofollow">Tweetbot for iOS</a>	0		tech level 8	RT @lizgartley: #YesAllWomen http://t.co/RplfMxM86b	Sunil Karkera	gluecode
470840181604372480	6757842	Mon May 26 08:13:41 +0000 2014			<a href="http://tapbots.com/tweetbot" rel="nofollow">Tweetbot for iOS</a>	0		Rancho Cordova, Ca.	RT @lizgartley: #YesAllWomen http://t.co/RplfMxM86b	Paul Kite	paulkite
470846619873591297	17038154	Mon May 26 08:39:16 +0000 2014			web	0		Singapore	RT @lizgartley: #YesAllWomen http://t.co/RplfMxM86b	Janet Chui	marrael
470849815665209344	1660601785	Mon May 26 08:51:58 +0000 2014			<a href="http://twitter.com/download/iphone" rel="nofollow">Twitter for iPhone</a>	0			RT @lizgartley: #YesAllWomen http://t.co/RplfMxM86b	A Good Egg	FairishGodmum
470850117851836416	9785972	Mon May 26 08:53:10 +0000 2014			<a href="http://twitter.com/download/android" rel="nofollow">Twitter for Android</a>	0		right here...	RT @blogdiva: NOT.  SHOCKED.  AT ALL... and that's why this graph should outrage us all... RT @lizgartley: #YesAllWomen http://t.co/7JCKQzp…	gapeach40	gapeach40
470856610638991360	1274963358	Mon May 26 09:18:58 +0000 2014			web	0			RT @lizgartley: #YesAllWomen http://t.co/RplfMxM86b	Mama_notes	Mama_notes
470857621499830273	284291121	Mon May 26 09:22:59 +0000 2014			<a href="http://twitter.com/download/iphone" rel="nofollow">Twitter for iPhone</a>	0			RT @blogdiva: NOT.  SHOCKED.  AT ALL... and that's why this graph should outrage us all... RT @lizgartley: #YesAllWomen http://t.co/7JCKQzp…	Khadijah Queen	blackpeculiar
470860997683851264	727737120	Mon May 26 09:36:24 +0000 2014			<a href="http://twitter.com/download/android" rel="nofollow">Twitter for Android</a>	0		Leicester, England	RT @blogdiva: NOT.  SHOCKED.  AT ALL... and that's why this graph should outrage us all... RT @lizgartley: #YesAllWomen http://t.co/7JCKQzp…	Jagdip Singh Chana	JagSinghChana
470862310584492032	612294593	Mon May 26 09:41:37 +0000 2014			web	0		Australia	RT @blogdiva: NOT.  SHOCKED.  AT ALL... and that's why this graph should outrage us all... RT @lizgartley: #YesAllWomen http://t.co/7JCKQzp…	Kaitlyn Ewings 	KaityEwings
470868124024451072	309319954	Mon May 26 10:04:43 +0000 2014			<a href="http://twitter.com/download/iphone" rel="nofollow">Twitter for iPhone</a>	0		London	RT @lizgartley: #YesAllWomen http://t.co/RplfMxM86b	James Andrews	jg_andrews
470868786502197248	37224673	Mon May 26 10:07:21 +0000 2014			<a href="http://twitter.com/download/iphone" rel="nofollow">Twitter for iPhone</a>	0		Texas	RT @lizgartley: #YesAllWomen http://t.co/RplfMxM86b	Emily Stinson	emilytatum
470869688260759552	1638415208	Mon May 26 10:10:56 +0000 2014			<a href="http://twitter.com/download/iphone" rel="nofollow">Twitter for iPhone</a>	0			RT @lizgartley: #YesAllWomen http://t.co/RplfMxM86b	Caroline	cacsarasota
470870602731900928	3587471	Mon May 26 10:14:34 +0000 2014	470520341039939585	1472441198	<a href="http://twitter.com/download/iphone" rel="nofollow">Twitter for iPhone</a>	0		Melbourne, Australia	Holy shit. “@lizgartley: #YesAllWomen http://t.co/UwCQ8Fxnga”	Karim D. Ghantous	kdghantous
470872246802972672	105933827	Mon May 26 10:21:06 +0000 2014			web	0			RT @lizgartley: #YesAllWomen http://t.co/RplfMxM86b	anika	maedchentraeume
470876881793716224	16301445	Mon May 26 10:39:31 +0000 2014			<a href="http://twitter.com/download/android" rel="nofollow">Twitter for Android</a>	0		Columbia, MO	RT @blogdiva: NOT.  SHOCKED.  AT ALL... and that's why this graph should outrage us all... RT @lizgartley: #YesAllWomen http://t.co/7JCKQzp…	C.A. Young	CA_Young
470883886193717248	1947055164	Mon May 26 11:07:21 +0000 2014			web	0		Santa Catarina - Brasil	RT @lizgartley: #YesAllWomen http://t.co/RplfMxM86b	Luiz F. Tuschinski	ByteShepherd
470890076772524033	25568546	Mon May 26 11:31:57 +0000 2014			<a href="http://twitter.com/download/iphone" rel="nofollow">Twitter for iPhone</a>	0		per ardua, ad astra	RT @blogdiva: NOT.  SHOCKED.  AT ALL... and that's why this graph should outrage us all... RT @lizgartley: #YesAllWomen http://t.co/7JCKQzp…	Ashley L. Blue-uncut	OohMissBlue
470890634727800833	17140730	Mon May 26 11:34:10 +0000 2014			<a href="http://twitter.com/download/android" rel="nofollow">Twitter for Android</a>	0			RT @lizgartley: #YesAllWomen http://t.co/RplfMxM86b	The Maestro X	TheMaestroX
470890760653393920	105019985	Mon May 26 11:34:40 +0000 2014			<a href="http://twitter.com/download/iphone" rel="nofollow">Twitter for iPhone</a>	0		ÜT: 2.261407,102.286114	RT @lizgartley: #YesAllWomen http://t.co/RplfMxM86b	syakirin rosik	syakirinrosik
470891695933235200	31047691	Mon May 26 11:38:23 +0000 2014			<a href="http://twitter.com/download/android" rel="nofollow">Twitter for Android</a>	0		Home of Pebbles'n'Bread.	RT @caradocp: “@lizgartley: #YesAllWomen http://t.co/WdIwHtWE9v” what a tragic picture of society this paints.	Blazon Paradox	Blazon_Paradox
470894317331316736	346132040	Mon May 26 11:48:48 +0000 2014			<a href="http://twitter.com/#!/download/ipad" rel="nofollow">Twitter for iPad</a>	0			RT @lizgartley: #YesAllWomen http://t.co/RplfMxM86b	Lizzi Simmons	LizziSimmons
470904211837038592	254791018	Mon May 26 12:28:07 +0000 2014			<a href="http://www.myplume.com/" rel="nofollow">Plume for Android</a>	0			RT @lizgartley: #YesAllWomen http://t.co/RplfMxM86b	AC	Silberwoelfin
470906879087243265	395377509	Mon May 26 12:38:43 +0000 2014			<a href="http://twitter.com/download/iphone" rel="nofollow">Twitter for iPhone</a>	0		here	RT @lizgartley: #YesAllWomen http://t.co/RplfMxM86b	Emmy Scott	Emmysuex97
470910478068498433	25066596	Mon May 26 12:53:01 +0000 2014			<a href="http://twitter.com/download/iphone" rel="nofollow">Twitter for iPhone</a>	0		Cincinnati, Ohio	RT @lizgartley: #YesAllWomen http://t.co/RplfMxM86b	Cory Hayslip	CoryHayslip
470914127037083648	81248610	Mon May 26 13:07:31 +0000 2014			<a href="http://twitter.com/download/iphone" rel="nofollow">Twitter for iPhone</a>	0		in vertigo	RT @blogdiva: NOT.  SHOCKED.  AT ALL... and that's why this graph should outrage us all... RT @lizgartley: #YesAllWomen http://t.co/7JCKQzp…	Valorie Thomas	valoriedthomas
470918334062817280	24263	Mon May 26 13:24:14 +0000 2014			<a href="http://twitter.com/download/android" rel="nofollow">Twitter for Android</a>	0		San Francisco	RT @blogdiva: NOT.  SHOCKED.  AT ALL... and that's why this graph should outrage us all... RT @lizgartley: #YesAllWomen http://t.co/7JCKQzp…	Liz Henry	lizhenry
470919848152027136	280814279	Mon May 26 13:30:15 +0000 2014			<a href="http://twitter.com/download/iphone" rel="nofollow">Twitter for iPhone</a>	0			RT @blogdiva: NOT.  SHOCKED.  AT ALL... and that's why this graph should outrage us all... RT @lizgartley: #YesAllWomen http://t.co/7JCKQzp…	Jessica Dancisin	jessica___12
470922737821958144	51446970	Mon May 26 13:41:44 +0000 2014			<a href="http://twitter.com/download/iphone" rel="nofollow">Twitter for iPhone</a>	0		MA	RT @blogdiva: NOT.  SHOCKED.  AT ALL... and that's why this graph should outrage us all... RT @lizgartley: #YesAllWomen http://t.co/7JCKQzp…	Charles	chall8987
470932325937594368	559049892	Mon May 26 14:19:50 +0000 2014			<a href="http://twitter.com/download/android" rel="nofollow">Twitter for Android</a>	0			RT @lizgartley: #YesAllWomen http://t.co/RplfMxM86b	crizzleG	crizzlegod
470933437545607171	54636461	Mon May 26 14:24:15 +0000 2014			<a href="http://twitter.com/download/iphone" rel="nofollow">Twitter for iPhone</a>	0		51 W. Hastings St., Vancouver	RT @lizgartley: #YesAllWomen http://t.co/RplfMxM86b	Acme Cafe	Acme_Cafe
470944548185571328	17165812	Mon May 26 15:08:24 +0000 2014			<a href="http://twitter.com/download/iphone" rel="nofollow">Twitter for iPhone</a>	0		303	RT @blogdiva: NOT.  SHOCKED.  AT ALL... and that's why this graph should outrage us all... RT @lizgartley: #YesAllWomen http://t.co/7JCKQzp…	Taylor Talks Trash	misstrashtalk
470948511966433280	748737584	Mon May 26 15:24:09 +0000 2014			<a href="http://twitter.com/download/android" rel="nofollow">Twitter for Android</a>	0			RT @blogdiva: NOT.  SHOCKED.  AT ALL... and that's why this graph should outrage us all... RT @lizgartley: #YesAllWomen http://t.co/7JCKQzp…	BackgroundSpinner	BackgroundSpin
470949166231740416	35376633	Mon May 26 15:26:45 +0000 2014			<a href="http://twitter.com/download/android" rel="nofollow">Twitter for Android</a>	0		Canada	RT @arcaulfield: Wow. I like to think I'm engaged, but these numbers shocked me. “@lizgartley: #YesAllWomen http://t.co/zyExQH4C3X”	mallowtree	mallowtree
470958544855265280	61250794	Mon May 26 16:04:01 +0000 2014			<a href="http://www.echofon.com/" rel="nofollow">Echofon</a>	0		Atlanta	RT @blogdiva: NOT.  SHOCKED.  AT ALL... and that's why this graph should outrage us all... RT @lizgartley: #YesAllWomen http://t.co/7JCKQzp…	Yasmin Adrionne	_vibrantthing
470963791669501952	146297323	Mon May 26 16:24:52 +0000 2014			<a href="http://twitter.com/#!/download/ipad" rel="nofollow">Twitter for iPad</a>	0		Seattle, WA USA	RT @lizgartley: #YesAllWomen http://t.co/RplfMxM86b	IdleChatter XCI	idlechatter91
470967440814247936	280677380	Mon May 26 16:39:22 +0000 2014			<a href="http://www.myplume.com/" rel="nofollow">Plume for Android</a>	0			RT @blogdiva: NOT.  SHOCKED.  AT ALL... and that's why this graph should outrage us all... RT @lizgartley: #YesAllWomen http://t.co/7JCKQzp…	eternalsojourn	eternalsojourn
470971416956121089	2425835206	Mon May 26 16:55:10 +0000 2014			<a href="http://twitter.com/download/iphone" rel="nofollow">Twitter for iPhone</a>	0			RT @blogdiva: NOT.  SHOCKED.  AT ALL... and that's why this graph should outrage us all... RT @lizgartley: #YesAllWomen http://t.co/7JCKQzp…	✨ kate wit da cake ✨	KateMcGlade
470971647835799552	236670373	Mon May 26 16:56:05 +0000 2014			<a href="http://twitter.com/download/android" rel="nofollow">Twitter for Android</a>	0		.....???? in a plane ✈	RT @lizgartley: #YesAllWomen http://t.co/RplfMxM86b	IG: stillmscrain ♉️	stillmscrain
470973145097441280	39363347	Mon May 26 17:02:02 +0000 2014			web	0			RT @blogdiva: NOT.  SHOCKED.  AT ALL... and that's why this graph should outrage us all... RT @lizgartley: #YesAllWomen http://t.co/7JCKQzp…	mary talpas	mtalpas
470976219581005826	44047813	Mon May 26 17:14:15 +0000 2014			<a href="http://twitter.com/download/iphone" rel="nofollow">Twitter for iPhone</a>	0		you're*	RT @lizgartley: #YesAllWomen http://t.co/RplfMxM86b	gypsy princess	sarahdickss
470976257262620672	160931088	Mon May 26 17:14:24 +0000 2014			<a href="http://twitter.com/download/iphone" rel="nofollow">Twitter for iPhone</a>	0			RT @lizgartley: #YesAllWomen http://t.co/RplfMxM86b	Thomas Rossi	thomrossi
470980011369832448	417511410	Mon May 26 17:29:19 +0000 2014			<a href="http://twitter.com/download/iphone" rel="nofollow">Twitter for iPhone</a>	0		portland	RT @lizgartley: #YesAllWomen http://t.co/RplfMxM86b	emily davis	emilyrdavis
470982456456536064	6534122	Mon May 26 17:39:02 +0000 2014			<a href="http://tapbots.com/tweetbot" rel="nofollow">Tweetbot for iOS</a>	0		Boston, MA	RT @lizgartley: #YesAllWomen http://t.co/RplfMxM86b	Mike Yavorsky	mikeyavorsky
470984721586204673	818136386	Mon May 26 17:48:02 +0000 2014			<a href="http://twitter.com/download/iphone" rel="nofollow">Twitter for iPhone</a>	0		Iowa City 	RT @lizgartley: #YesAllWomen http://t.co/RplfMxM86b	Liam Nissan	dgoodlacks
470987636270575616	1952702906	Mon May 26 17:59:37 +0000 2014			<a href="http://twitter.com/download/android" rel="nofollow">Twitter for Android</a>	0			RT @blogdiva: NOT.  SHOCKED.  AT ALL... and that's why this graph should outrage us all... RT @lizgartley: #YesAllWomen http://t.co/7JCKQzp…	BookLoverToo	FoolishTrumpery
470998147213561856	2184875738	Mon May 26 18:41:23 +0000 2014			<a href="http://twitter.com/download/iphone" rel="nofollow">Twitter for iPhone</a>	0			RT @lizgartley: #YesAllWomen http://t.co/RplfMxM86b	Timo Koskinen	koskinenbi
471005952947527680	368188605	Mon May 26 19:12:24 +0000 2014			<a href="http://twitter.com/download/android" rel="nofollow">Twitter for Android</a>	0		Nuremberg, DE	RT @lizgartley: #YesAllWomen http://t.co/RplfMxM86b	Maria Nessel	marianettle
471009014646833152	558998739	Mon May 26 19:24:34 +0000 2014			<a href="http://twitter.com/#!/download/ipad" rel="nofollow">Twitter for iPad</a>	0		Toronto	RT @lizgartley: #YesAllWomen http://t.co/RplfMxM86b	Flannery Clare Muise	FlannelMoose
471025158673928192	26367621	Mon May 26 20:28:43 +0000 2014			<a href="http://twitter.com/download/iphone" rel="nofollow">Twitter for iPhone</a>	0		Minnesota	RT @blogdiva: NOT.  SHOCKED.  AT ALL... and that's why this graph should outrage us all... RT @lizgartley: #YesAllWomen http://t.co/7JCKQzp…	Rachel	rachmarie
471033685509013504	52341004	Mon May 26 21:02:36 +0000 2014			<a href="http://twitterrific.com" rel="nofollow">Twitterrific for Mac</a>	0			RT @lizgartley: #YesAllWomen http://t.co/RplfMxM86b	voline	voline1
471045219845423104	15591558	Mon May 26 21:48:26 +0000 2014			<a href="http://tapbots.com/tweetbot" rel="nofollow">Tweetbot for iOS</a>	0			“@lizgartley: #YesAllWomen http://t.co/0He4NfmMsS”	Benjamin Herrin	BenjaminHerrin
471061661688659968	379910691	Mon May 26 22:53:46 +0000 2014			<a href="http://twitter.com/download/iphone" rel="nofollow">Twitter for iPhone</a>	0			RT @blogdiva: NOT.  SHOCKED.  AT ALL... and that's why this graph should outrage us all... RT @lizgartley: #YesAllWomen http://t.co/7JCKQzp…	John Bevino	JohnBevino
471081039516168192	176197660	Tue May 27 00:10:46 +0000 2014			web	0		Tenleytown, Washington, DC	RT @blogdiva: NOT.  SHOCKED.  AT ALL... and that's why this graph should outrage us all... RT @lizgartley: #YesAllWomen http://t.co/7JCKQzp…	Jeanni Grace	JeanniInABottle
471139281604337664	28729354	Tue May 27 04:02:12 +0000 2014			web	0		Texas	RT @blogdiva: NOT.  SHOCKED.  AT ALL... and that's why this graph should outrage us all... RT @lizgartley: #YesAllWomen http://t.co/7JCKQzp…	Rebecca Aguilar	RebeccaAguilar
471304490906566656	1095427290	Tue May 27 14:58:41 +0000 2014			web	0		Cameroon	RT @ChrissyCole: WOW RT @blogdiva: NOT.  SHOCKED.  AT ALL &amp; that's why this graph should outrage us all.. RT @lizgartley: #YesAllWomen http…	Rebecca Spriggs	RebeccaSpr
471304750869123074	56443257	Tue May 27 14:59:43 +0000 2014			<a href="http://www.twitter.com" rel="nofollow">Twitter for Windows Phone</a>	0		Mariah Carey's Jester(Georgia)	RT @ChrissyCole: WOW RT @blogdiva: NOT.  SHOCKED.  AT ALL &amp; that's why this graph should outrage us all.. RT @lizgartley: #YesAllWomen http…	Me. I Am Jason.	Snowballx
471311487223758848	56358138	Tue May 27 15:26:29 +0000 2014			web	0		Pennsylvania	RT @ChrissyCole: WOW RT @blogdiva: NOT.  SHOCKED.  AT ALL &amp; that's why this graph should outrage us all.. RT @lizgartley: #YesAllWomen http…	Kele	Kelechi_AI
471312388998701056	1141330290	Tue May 27 15:30:04 +0000 2014			<a href="http://twitter.com/#!/download/ipad" rel="nofollow">Twitter for iPad</a>	0			RT @ChrissyCole: WOW RT @blogdiva: NOT.  SHOCKED.  AT ALL &amp; that's why this graph should outrage us all.. RT @lizgartley: #YesAllWomen http…	Creesha Hall-El	Cree6178
471320651610214402	42644298	Tue May 27 16:02:54 +0000 2014			web	0		belgium	RT @lizgartley: #YesAllWomen http://t.co/RplfMxM86b	johan dirkx	diejohan
471321373026312192	95053673	Tue May 27 16:05:46 +0000 2014			<a href="http://twitter.com/download/iphone" rel="nofollow">Twitter for iPhone</a>	0			RT @lizgartley: #YesAllWomen http://t.co/RplfMxM86b	Julia	jshbooks
471321893031927808	249425252	Tue May 27 16:07:50 +0000 2014			<a href="http://twitter.com/download/iphone" rel="nofollow">Twitter for iPhone</a>	0		Raleigh, NC	RT @lizgartley: #YesAllWomen http://t.co/RplfMxM86b	Stephanie Kelley	stephaniedk96
471322610199171072	2264789100	Tue May 27 16:10:41 +0000 2014			<a href="http://twitter.com/download/iphone" rel="nofollow">Twitter for iPhone</a>	0			RT @lizgartley: #YesAllWomen http://t.co/RplfMxM86b	haleigh☯	httphaleigh
471323402981367808	51275184	Tue May 27 16:13:50 +0000 2014			web	0		Berkeley, California	RT @lizgartley: #YesAllWomen http://t.co/RplfMxM86b	Carolina	catroliona
471323700722425858	471297882	Tue May 27 16:15:01 +0000 2014			<a href="http://twitter.com/download/android" rel="nofollow">Twitter for Android</a>	0		New York, NY	RT @lizgartley: #YesAllWomen http://t.co/RplfMxM86b	Nazary Nebeluk	nnebeluk
471323772243288065	2489019260	Tue May 27 16:15:18 +0000 2014			web	0			RT @lizgartley: #YesAllWomen http://t.co/RplfMxM86b	Sta Cifuentes	SrtaCifuentes
471325210868981761	67694831	Tue May 27 16:21:01 +0000 2014			<a href="http://twitter.com/download/iphone" rel="nofollow">Twitter for iPhone</a>	0		Sarandi-RS	RT @lizgartley: #YesAllWomen http://t.co/RplfMxM86b	Mariana	marianadurks
471326691504054273	2516599154	Tue May 27 16:26:54 +0000 2014			web	0		downtown of anytown	RT @lizgartley: #YesAllWomen http://t.co/RplfMxM86b	Brighde Mullins	BrighdeMullins
471341270875770881	360978122	Tue May 27 17:24:50 +0000 2014			web	0			RT @ChrissyCole: WOW RT @blogdiva: NOT.  SHOCKED.  AT ALL &amp; that's why this graph should outrage us all.. RT @lizgartley: #YesAllWomen http…	Carolina Contreras I	CaroContreras95
471350217074540545	754359372	Tue May 27 18:00:23 +0000 2014			web	0		State College, PA	RT @lizgartley: #YesAllWomen http://t.co/RplfMxM86b	Reed John Miller	reedjohnmiller
471350339048710145	935967482	Tue May 27 18:00:52 +0000 2014			<a href="http://twitter.com/download/iphone" rel="nofollow">Twitter for iPhone</a>	0			RT @ChrissyCole: WOW RT @blogdiva: NOT.  SHOCKED.  AT ALL &amp; that's why this graph should outrage us all.. RT @lizgartley: #YesAllWomen http…	Breann Fuller	breann_fuller
471366449366200321	248951317	Tue May 27 19:04:53 +0000 2014			<a href="http://twitter.com/download/iphone" rel="nofollow">Twitter for iPhone</a>	0		Mexico	RT @lizgartley: #YesAllWomen http://t.co/RplfMxM86b	Margarita VG	mvelazquez1957
471374649050533889	2473044716	Tue May 27 19:37:28 +0000 2014			<a href="http://twitter.com/download/iphone" rel="nofollow">Twitter for iPhone</a>	0		Portland, ME	RT @lizgartley: #YesAllWomen http://t.co/RplfMxM86b	Melanie Guzman	melguzzy
471379262801727488	883333826	Tue May 27 19:55:48 +0000 2014			<a href="http://twitter.com/download/android" rel="nofollow">Twitter for Android</a>	0		Namaste	RT @lizgartley: #YesAllWomen http://t.co/RplfMxM86b	Anna Marketti	itsannabananna
471382211392843776	933081906	Tue May 27 20:07:31 +0000 2014			<a href="http://twitter.com/download/iphone" rel="nofollow">Twitter for iPhone</a>	0			RT @lizgartley: #YesAllWomen http://t.co/RplfMxM86b	Maddy Kane	mads_kane
471385566811258880	35855729	Tue May 27 20:20:51 +0000 2014			web	0		Queens, NY	RT @ChrissyCole: WOW RT @blogdiva: NOT.  SHOCKED.  AT ALL &amp; that's why this graph should outrage us all.. RT @lizgartley: #YesAllWomen http…	Elizabeth. B	EBakez918
471406055982104576	2508816757	Tue May 27 21:42:16 +0000 2014			web	0			RT @lizgartley: #YesAllWomen http://t.co/RplfMxM86b	Marc Zollinger	zollman90
471449798394908672	517746290	Wed May 28 00:36:05 +0000 2014			<a href="http://zhangchi.de/" rel="nofollow">Pinboard Popular</a>	0			Twitter / lizgartley: #YesAllWomen http://t.co/wRAtPLzcKH https://t.co/cSHpm6gTQD	Pinboard Popular	PinPopular
471451572568723456	148472626	Wed May 28 00:43:08 +0000 2014			<a href="https://about.twitter.com/products/tweetdeck" rel="nofollow">TweetDeck</a>	0			RT @PinPopular: Twitter / lizgartley: #YesAllWomen http://t.co/wRAtPLzcKH https://t.co/cSHpm6gTQD	Little Mousling	LittleMousling
471508833240506369	2266386440	Wed May 28 04:30:40 +0000 2014			<a href="http://twitter.com/download/iphone" rel="nofollow">Twitter for iPhone</a>	0			RT @lizgartley: #YesAllWomen http://t.co/RplfMxM86b	Teresa Velázquez	velaztere
471509797762637824	2312875226	Wed May 28 04:34:30 +0000 2014			<a href="http://twitter.com/download/iphone" rel="nofollow">Twitter for iPhone</a>	0		503	RT @lizgartley: #YesAllWomen http://t.co/RplfMxM86b	☠natasha	tashiswag
471529033130192896	25596951	Wed May 28 05:50:56 +0000 2014			<a href="http://twitter.com/download/iphone" rel="nofollow">Twitter for iPhone</a>	0		Chicago	RT @lizgartley: #YesAllWomen http://t.co/RplfMxM86b	ULTRA	ShamisUltra
471543406762934272	859714880	Wed May 28 06:48:03 +0000 2014			<a href="http://twitter.com/#!/download/ipad" rel="nofollow">Twitter for iPad</a>	0		Newcastle upon Tyne, UK	RT @lizgartley: #YesAllWomen http://t.co/RplfMxM86b	Gendered Subjects	SubjectGender
471595542255247360	243559753	Wed May 28 10:15:13 +0000 2014			<a href="http://twitter.com/#!/download/ipad" rel="nofollow">Twitter for iPad</a>	0		New York	RT @lizgartley: #YesAllWomen http://t.co/RplfMxM86b	Jared Yuster	metacodger
471654707099099138	332324930	Wed May 28 14:10:19 +0000 2014			<a href="http://bufferapp.com" rel="nofollow">Buffer</a>	0			RT @lizgartley: #YesAllWomen http://t.co/RplfMxM86b	Gerardo Piña	gerardopinamx
471672759261888512	383701384	Wed May 28 15:22:03 +0000 2014			<a href="http://twitter.com/download/iphone" rel="nofollow">Twitter for iPhone</a>	0		Boston, Massachusetts	RT @lizgartley: #YesAllWomen http://t.co/RplfMxM86b	Bailey Delaney	bdelaney2
471683840402927617	912538849	Wed May 28 16:06:05 +0000 2014			<a href="http://twitter.com/download/android" rel="nofollow">Twitter for Android</a>	0		Bangalore, India.	RT @lizgartley: #YesAllWomen http://t.co/RplfMxM86b	Nikhil Cariappa	NikhilCariappa1
471705042945196032	110834062	Wed May 28 17:30:20 +0000 2014			web	0			RT @lizgartley: #YesAllWomen http://t.co/RplfMxM86b	Jenne LeFevre	2horseygirls
471744188275773440	230271104	Wed May 28 20:05:53 +0000 2014			<a href="http://twitter.com/download/iphone" rel="nofollow">Twitter for iPhone</a>	0		Orange County, California	RT @lizgartley: #YesAllWomen http://t.co/RplfMxM86b	demetria	WutWudBieberDo
471820666954473472	1268124506	Thu May 29 01:09:47 +0000 2014			<a href="http://twitter.com/download/iphone" rel="nofollow">Twitter for iPhone</a>	0		east lansing  ➡️ kzoo	RT @lizgartley: #YesAllWomen http://t.co/RplfMxM86b	♍️akayla	makillaaa
472386235517112320	25264766	Fri May 30 14:37:09 +0000 2014			web	0		Bastille & Breizh	RT @lizgartley: #YesAllWomen http://t.co/RplfMxM86b	Meg Leo	Megabby
472565248210530305	122086615	Sat May 31 02:28:29 +0000 2014			<a href="http://www.twitter.com" rel="nofollow">Twitter for Windows Phone</a>	0		México	RT @lizgartley: #YesAllWomen http://t.co/RplfMxM86b	Merodeador Nocturno	choco_nocturno
472565474970959873	16799314	Sat May 31 02:29:23 +0000 2014			<a href="http://twitter.com" rel="nofollow">Twitter Web Client</a>	0		df	RT @lizgartley: #YesAllWomen http://t.co/RplfMxM86b	Darinka Lejarazu 	idlikesomecoffe
472804344467709953	250293210	Sat May 31 18:18:34 +0000 2014			<a href="http://twitter.com/download/android" rel="nofollow">Twitter for Android</a>	0		Cincinnati Ohio	RT @LeftOutLoud: Wow. RT @lizgartley #YesAllWomen http://t.co/LQFXBoRsB7	Deon	Baker4lfe
473212035053150208	225924816	Sun Jun 01 21:18:35 +0000 2014			<a href="http://twitter.com" rel="nofollow">Twitter Web Client</a>	0		Damascus, Syria	RT @lizgartley: #YesAllWomen http://t.co/RplfMxM86b	G. Samsa	dadik75
474588903416938496	15826432	Thu Jun 05 16:29:46 +0000 2014			<a href="http://twitter.com" rel="nofollow">Twitter Web Client</a>	0		In the gearworks.	RT @lizgartley: #YesAllWomen http://t.co/RplfMxM86b	Gnobrin	Gnobrin
474591705334050817	533116615	Thu Jun 05 16:40:54 +0000 2014			<a href="http://twitter.com" rel="nofollow">Twitter Web Client</a>	0		North Carolina	RT @lizgartley: #YesAllWomen http://t.co/RplfMxM86b	Meg Fox	NotThatMeganFox
